well_id,query_len,self_prefix_ncc,shuffled_control_max_ncc,shuffled_control_mean_ncc,self_minus_control_max
000d7d20,480,0.44878245218402435,0.7105790937624922,0.538448683306183,-0.2617966415784678
00bbac68,512,0.354424952881617,0.417773688575611,0.33762581255929075,-0.06334873569399396
00e12e8b,512,0.6662162686711679,0.6763076378303996,0.5680520636648277,-0.0100913691592317
015fe0d2,512,0.49038768743619876,0.5774288667459591,0.45962338485661824,-0.0870411793097603
01869cd4,431,0.6028678187213593,0.7442893741915668,0.5717313013884907,-0.14142155547020752
01982c1d,512,0.41505330041931343,0.49502436978323094,0.42108288809500705,-0.07997106936391751
028d7b28,509,0.36184595927991803,0.49126309668149104,0.36785640356627053,-0.129417137401573
02e7fe5a,512,0.2970663611684632,0.3713742616337978,0.28053860609898806,-0.07430790046533459
0390d174,512,0.5637675232378501,0.5771133981469703,0.5171327590635536,-0.013345874909120203
03a935ae,512,0.37667720907913527,0.6243582700287804,0.43453343039629644,-0.24768106094964515
044af7d1,512,0.5546122486549809,0.6286459544626549,0.5543269217441892,-0.07403370580767399
0498acab,512,0.3534286311897731,0.7053241503437268,0.5018315414846056,-0.3518955191539537
052d64df,512,0.36314086504354975,0.5657560919344489,0.4362125557254941,-0.2026152268908991
05948241,512,0.39569349804733633,0.5285613046428898,0.44490875557301185,-0.13286780659555342
059c8f24,512,0.22708592514853104,0.6496502037014791,0.44048539373896883,-0.42256427855294804
05a0ee4d,512,0.3195472743323934,0.46864608422306686,0.3734166661722426,-0.14909880989067348
060ab2b8,512,0.17020059980929764,0.48959917600962105,0.3297566598230008,-0.3193985762003234
06df5958,510,0.34325012914126357,0.5539206814014748,0.4427109444514836,-0.2106705522602112
071d7b45,503,0.4730705171984898,0.5666852482525744,0.44610311528382063,-0.09361473105408458
0849b4e2,512,0.2741321356830426,0.706670126655541,0.5225768593546528,-0.43253799097249834
084d66f9,512,0.681338843302173,0.8077262183223888,0.631407970837024,-0.1263873750202158
08fecf00,512,0.5312973703200635,0.5286724218032779,0.4538977303762535,0.00262494851678563
09053135,512,0.5914801235544003,0.7105638233535617,0.5905601871047557,-0.11908369979916145
09441b8d,512,0.5271761791597,0.6204019762988856,0.4812918955952235,-0.09322579713918555
0955cd6c,512,0.4409564236728898,0.6436481702587684,0.4182780642487412,-0.20269174658587863
09ec2ca9,512,0.2104035633872394,0.291820735512671,0.2216623844371349,-0.08141717212543162
0a57a29c,457,0.3856484216564284,0.7699940078265131,0.5930665489757372,-0.3843455861700847
0bbf5e67,512,0.46174843603745475,0.4611618235293505,0.39014122613642144,0.0005866125081042672
0be01c24,512,0.6353824799365834,0.775970772632562,0.6187584397663597,-0.1405882926959786
0c1b160c,512,0.28412487588822144,0.5390826423342054,0.41879082039406906,-0.254957766445984
0d99f8e4,512,0.37128871015898357,0.4644395492559662,0.40280142359418486,-0.09315083909698263
0dc5e64d,437,-0.05017495071167905,0.4641006251602752,0.3549013409707969,-0.5142755758719543
0dc835f3,283,0.5325810700552794,0.6389752002139445,0.5116254516472981,-0.10639413015866506
0dd99dc5,512,0.5055853879718586,0.49829356217540155,0.37239356433855414,0.007291825796457041
0e5e560d,512,0.2239568729869693,0.47257330821438787,0.3707405999521734,-0.24861643522741855
109d9d70,512,0.36268425712890884,0.455855720436378,0.3799862993617226,-0.09317146330746917
10a1281a,512,0.4175910542596092,0.5260364158904609,0.4021286816853062,-0.10844536163085172
10b89021,512,0.4569825329652716,0.5589651320341253,0.42978560684635686,-0.10198259906885376
10be2420,512,0.3836088775322969,0.5513214188612636,0.44215156050882176,-0.16771254132896674
113011eb,429,0.3879176386595925,0.4996660551888595,0.4075300057363099,-0.11174841652926698
1131525f,463,0.1773848078158569,0.528082805073249,0.4335253809453236,-0.35069799725739215
11d0f5ac,498,0.39105407706887535,0.626639742303892,0.390456809774991,-0.23558566523501662
12203f2a,512,0.3703043539385521,0.4847637160336803,0.3916530618326816,-0.11445936209512819
122bd617,512,0.2936071082129807,0.5592702625994531,0.4442156065771307,-0.2656631543864724
125be846,507,0.4153495743060463,0.5352280320245358,0.4356381652557533,-0.11987845771848954
1285a37b,512,0.4475161232563223,0.6445283918846514,0.5644679189617403,-0.1970122686283291
1295a25b,495,0.38195955557120626,0.4525662391411892,0.38307824683138286,-0.07060668356998295
12f0cd90,494,0.3838755921132543,0.5105147675083956,0.3298545352895285,-0.12663917539514136
137d1e44,512,0.5572619740461539,0.712367444677558,0.40844421208863707,-0.15510547063140412
13ce113d,512,0.40838159873610835,0.7494374818015207,0.5290318425787968,-0.34105588306541235
13f598d9,512,0.4900767850147597,0.6052205539367629,0.5280790636677919,-0.11514376892200318
14a53cb3,512,0.47847536413182945,0.7285572715549473,0.513500383887478,-0.25008190742311787
14ab73fb,512,0.3461959388522541,0.8301494696568982,0.6003262566428995,-0.4839535308046441
14ad5efb,503,0.2586301562834504,0.3605355443491572,0.29177330803021684,-0.10190538806570681
14fee784,498,0.3043087641184752,0.6015968745056373,0.44913776235101815,-0.2972881103871621
153552f5,512,0.19944114575234534,0.5688108516818533,0.4312737222889658,-0.36936970592950796
1550491d,455,0.06714596765067293,0.5273817813740428,0.41001612045699165,-0.46023581372336986
155887bb,492,0.25672451441069266,0.4503084917493407,0.29985520046227054,-0.19358397733864802
1590af81,477,0.21661757185733696,0.509299131717056,0.3898462861446261,-0.292681559859719
15e154a1,512,0.08355696395297449,0.5491519831835799,0.4037429801893265,-0.4655950192306054
1619e2ca,512,0.2799181704802155,0.5845769173066455,0.437608094917804,-0.30465874682643
16e4a047,512,0.15600195797726601,0.3409922264694912,0.2873232720567552,-0.18499026849222516
173ed841,512,0.3577648283764113,0.6226520741981973,0.5217098572535387,-0.264887245821786
1770d7c6,512,0.5848064624458418,0.6743307134160474,0.46240981982405155,-0.08952425097020567
177622d7,512,0.3841145430947764,0.6988827567046958,0.49027630092349056,-0.3147682136099194
18d24f7b,512,0.4030831170604541,0.5343256271049455,0.38402071830594103,-0.1312425100444914
19137a89,512,0.3423831689677328,0.48109058665604876,0.35858486318890387,-0.13870741768831596
1944513c,512,0.37790062641173916,0.5342701376158161,0.4713847350164622,-0.15636951120407694
197f8a5a,512,0.27416081539069903,0.48360572179818695,0.363687347203683,-0.20944490640748792
19871e7f,512,0.26991384694389275,0.47701139891128985,0.31595422983701926,-0.2070975519673971
198a5607,512,0.4471043138699191,0.5934424821275825,0.4658707529414472,-0.14633816825766344
19fb4f7b,512,0.6210519968116404,0.5543238924724522,0.46641872965156345,0.06672810433918819
1a518997,512,0.3566528927195552,0.47433172835415205,0.36458711974111285,-0.11767883563459686
1a68190b,512,0.5047201812514687,0.586579892547435,0.45761248056342363,-0.08185971129596636
1a730ac2,481,0.3042266213196687,0.7170013633470164,0.5766843922049146,-0.41277474202734765
1aaf1da0,505,0.4034151909884263,0.5217246076343782,0.4189213186120766,-0.1183094166459519
1b08ed48,512,0.360785619508614,0.577814517336704,0.3887293365143427,-0.21702889782808998
1b1c5372,510,0.1488000334605468,0.6917528087181365,0.5522064256351277,-0.5429527752575897
1b1eba53,512,0.3680478127340946,0.5482719337372441,0.4730200317043834,-0.18022412100314955
1b6ba517,512,0.5376732291916773,0.644247809353083,0.5001257791160714,-0.10657458016140575
1b82b665,512,0.33737305945979146,0.4991887278893029,0.42523319374861485,-0.16181566842951145
1bcb2fcf,512,0.48426959256926544,0.5182892638815153,0.4166060432913817,-0.034019671312249866
1beca81d,512,0.5100603181047692,0.5914164719500106,0.46638573298034786,-0.08135615384524142
1d3fbf02,512,0.27883956423122147,0.43767361507091374,0.3302992214980685,-0.15883405083969226
1d78281a,512,0.4414619591221434,0.6249151410456597,0.49764915315394226,-0.18345318192351628
1e30dedf,467,0.19524165061721707,0.5429271462499706,0.4308422809336094,-0.3476854956327535
1e5e3573,512,0.3654953572512576,0.6619519667211881,0.4630607839838177,-0.29645660946993047
1f9afacb,512,0.1781748590710295,0.44713131510428844,0.3180980861540788,-0.2689564560332589
1fdbba44,474,0.5595724932175786,0.6942993666803773,0.5963131155687159,-0.13472687346279866
1fee2b62,512,0.5745705558150856,0.5850537216815107,0.5023402518305881,-0.01048316586642506
20096916,512,0.2612256133565438,0.43163641561728355,0.32612430789657204,-0.17041080226073974
200d233d,512,0.2268445984429012,0.37261641233156795,0.3198998949332498,-0.14577181388866675
201661b5,512,0.49494480375487465,0.7244216836157551,0.518580862435162,-0.22947687986088044
203721ab,501,0.2723232136024093,0.7135031154233713,0.5081457091836973,-0.441179901820962
20402d71,512,0.4618510056513454,0.660261298981849,0.5144135462174574,-0.19841029333050364
2043abc5,512,0.42400850115549127,0.6741014488808066,0.4743255734681833,-0.2500929477253153
204cc64b,512,0.5271430396596315,0.7879503127329406,0.5648431151579455,-0.2608072730733091
206b6193,512,0.3895460423222106,0.5205849382314124,0.3953532216491815,-0.1310388959092018
2075c696,512,0.30867955178562023,0.41757317667286825,0.2766082560726849,-0.10889362488724802
22c5f93f,512,0.4145352399485284,0.5884507550902827,0.4669493757099989,-0.17391551514175424
230eaaa3,512,0.2677725798439855,0.495295640561575,0.33072789659202734,-0.2275230607175895
2364716c,512,0.2811200930561218,0.6186472440341066,0.4615478362244147,-0.33752715097798486
23b9beb0,483,0.15764634652506174,0.30157270436608496,0.22447465897383356,-0.14392635784102323
24d8997e,512,0.3668098806443989,0.7461697829744586,0.454797231756434,-0.3793599023300597
25050f63,343,0.3901474194790447,0.5475872529338439,0.46586215395018477,-0.15743983345479923
25939962,512,0.3528077036684377,0.49149567435923347,0.40055286398173867,-0.13868797069079575
25fd32b3,512,0.4496117457160047,0.5803434552478131,0.47875742878679795,-0.13073170953180835
261785ee,512,0.41895677610477733,0.7247391656301466,0.495777730602748,-0.3057823895253693
264feceb,512,0.5686645775548433,0.665395839349276,0.548057981184964,-0.0967312617944327
26623a50,512,0.28614047094626016,0.6713535004056165,0.45811787185566605,-0.3852130294593563
26d3a96a,512,0.44207359755349585,0.8271523757193384,0.583673472457425,-0.3850787781658426
272abef3,512,0.5855937892147154,0.7290868527260157,0.6361026881864055,-0.1434930635113003
27300fd5,512,0.30655672434632747,0.36191781513019455,0.2685493303767322,-0.055361090783867084
276b012a,484,0.41001850737177065,0.5218616158347653,0.41102312520859147,-0.11184310846299467
27c3155b,512,0.3173965936044931,0.5501111776051174,0.4268653987546653,-0.23271458400062428
27ebb9b9,512,0.35951852465652573,0.5989973337633965,0.4082171080336275,-0.23947880910687075
283269ac,512,0.3620003317048004,0.4546911596146993,0.39503119924445224,-0.09269082790989891
28473855,512,0.2167272096863716,0.3955761883366631,0.2810919446262297,-0.17884897865029148
28f4eda9,512,0.43796833639424604,0.4996302317802065,0.40135284479042416,-0.06166189538596045
29b24409,512,0.3465255417946359,0.5389869381856507,0.3927945237535342,-0.19246139639101478
29de15c8,512,0.39062228386055264,0.4990827207429604,0.3828751847487352,-0.10846043688240775
2ab29395,491,0.4285577512834623,0.5500621961106218,0.41649917133221065,-0.1215044448271595
2ac7cb6b,487,0.3582138743417449,0.5323188275096533,0.38700228229464484,-0.17410495316790842
2acc78d4,512,0.3542395999831511,0.5980138302299493,0.41166628174472725,-0.24377423024679817
2b034622,512,0.20397124055780075,0.4983235184965805,0.39173376138723776,-0.29435227793877977
2b06ad65,483,0.5538763981441228,0.877638607167693,0.6241236728396732,-0.3237622090235702
2b547943,512,0.32285235293826314,0.48626623600205593,0.38379832044417306,-0.1634138830637928
2be5c96a,512,0.27394910056803345,0.7212475802946668,0.5726404034703351,-0.4472984797266334
2bff06cf,512,0.3493516350959802,0.4164385073710067,0.377935322573522,-0.06708687227502647
2c0c4a4e,512,0.17959174492839097,0.3666846472846783,0.2901028502332564,-0.18709290235628734
2cee0cba,512,0.3464648787514474,0.4901346784034212,0.4086130363170723,-0.1436697996519738
2d0c268a,512,0.6157913343193573,0.7027106617898572,0.5192001151656506,-0.08691932747049991
2d179ded,512,0.5768304418842609,0.5948097911011128,0.4226724889327724,-0.017979349216851848
2d196986,512,0.19671972829769133,0.5346265894135063,0.4326893209095049,-0.3379068611158149
2d2d0c6b,512,0.6068556675707115,0.6871942369255986,0.474400063019403,-0.08033856935488703
2d35f86d,512,0.3797634800396142,0.5822614841157185,0.4740782153833106,-0.20249800407610435
2d9f6cb9,429,0.46404739119283195,0.7206350297860583,0.5480153650706904,-0.25658763859322636
2ddad940,493,0.2524173710715653,0.3177187796069664,0.25738932752784954,-0.06530140853540106
2e29e833,512,0.28734986755037706,0.6630081102383487,0.5363224957669365,-0.37565824268797166
2e43c2ea,512,0.49575794395751915,0.6968452314682282,0.5568304414696915,-0.20108728751070903
2e63d9de,512,0.30399330801356417,0.5110992130453453,0.3408736142535596,-0.20710590503178117
2ee0235b,512,0.20879682879791994,0.3042881007619202,0.2138168601868595,-0.09549127196400026
2f19d536,512,0.27001025271209933,0.5124545366908135,0.3687175424460361,-0.2424442839787142
2f8e53c3,512,0.3116050612482565,0.6260519393615162,0.4857810679435099,-0.31444687811325966
2fa01aa6,512,0.4810948945491377,0.5666146331571194,0.4558383427163488,-0.08551973860798168
2fd68f7b,512,0.34538305534859504,0.5425944884289505,0.41715716353648724,-0.1972114330803555
2fe023be,512,0.47714794881991013,0.5614590289471155,0.4781558737760625,-0.0843110801272054
30d75030,512,0.36649139729793206,0.49875091934896515,0.4259438707270696,-0.13225952205103308
310c71a5,512,0.18187552906263796,0.4759060483518577,0.3701240857882135,-0.29403051928921975
32fe84c9,512,0.25620396660600764,0.4146516855488942,0.33021635824421997,-0.15844771894288656
33c40295,512,0.674636503516556,0.7421565833613768,0.5965078756102807,-0.06752007984482078
3407f5bf,512,0.3026668967822831,0.7212435629918001,0.42737257807388834,-0.41857666620951706
3417285d,512,0.3806505198471687,0.49088672832152874,0.409742620150601,-0.11023620847436005
347242c8,512,0.33548507172296393,0.48656996158128857,0.3980496482661158,-0.15108488985832463
353e5502,512,0.6310913477792632,0.7057139299738452,0.547188789203097,-0.07462258219458195
357c12f9,512,0.7533984898053673,0.7044042402527222,0.5865532197531818,0.048994249552645086
3584a6eb,512,0.43413113183293484,0.6503506569651961,0.4878461187117448,-0.21621952513226128
35b30c7f,512,0.1910940961749566,0.390105385451516,0.26953174842148275,-0.19901128927655942
35b3ef6a,512,0.3579954232815548,0.5098139612739417,0.408611576584901,-0.15181853799238693
367456ce,512,0.5174822813752434,0.7565656868374077,0.5232852960178094,-0.23908340546216422
368131f9,512,0.5094934442988432,0.6702204513457093,0.5662859531450376,-0.16072700704686604
368fe682,493,0.257742892383438,0.6171968659605692,0.5160474367329291,-0.3594539735771312
3690a146,512,0.692800379308779,0.7045772143467586,0.6460933260828527,-0.01177683503797955
37344c2a,512,0.25443930936929976,0.3543262939612859,0.26428436489897905,-0.09988698459198614
373ef48b,494,0.27764839550368475,0.588397507654833,0.43341757164091305,-0.31074911215114825
374be387,512,0.28632523775485674,0.5747749104510802,0.4201787063100669,-0.28844967269622346
37d36812,512,0.3935052262998435,0.49032829912758014,0.4022263041108296,-0.09682307282773661
38991fd4,512,0.49148906674192017,0.5885928641392625,0.48942696140865277,-0.09710379739734232
389ae58f,512,0.6634432757629256,0.7210975518319298,0.5886902384466598,-0.057654276069004196
3932faa6,512,0.3668552733629422,0.5176229160843382,0.3866670017267944,-0.15076764272139598
398dce4b,512,0.32278163561513107,0.5734015389157268,0.4763766815945146,-0.2506199033005957
39b51819,512,0.4140626857322457,0.6553916974177382,0.46339084635494626,-0.24132901168549248
3a0af893,512,0.18591095191408516,0.628677735245905,0.4130101185715582,-0.44276678333181985
3a223519,512,0.4474058788167278,0.5756050557455706,0.404234766673949,-0.12819917692884286
3a7dd95d,416,0.5182012229902718,0.7740162912061049,0.5494963917543553,-0.2558150682158331
3a824aa7,492,0.2491630554150775,0.470850974167526,0.37441171479524993,-0.22168791875244853
3a86fe8d,484,0.3578996623588718,0.3836817271008581,0.3431877494189821,-0.025782064741986355
3aaa2b30,512,0.504040621129997,0.7062822782665819,0.5271392339281894,-0.20224165713658482
3ac16ad0,512,0.29710737800808473,0.6740591606465174,0.46316967511816015,-0.37695178263843265
3b21ea64,512,0.5213170126834088,0.599747237078072,0.422441566817231,-0.07843022439466318
3bbe1f5d,422,0.1881153582594731,0.28211604245403904,0.24370194815009985,-0.09400068419456595
3bfee975,495,0.3209860670939921,0.5260279194019353,0.3923474423386794,-0.2050418523079432
3c3dbcbc,512,0.2081194184196459,0.3518620647986843,0.2617969373319775,-0.1437426463790384
3d96d897,496,0.28867708130824127,0.3916859552155337,0.3195073889651988,-0.10300887390729241
3df4b19e,512,0.2994805361973532,0.6686457112967538,0.40496780122813436,-0.36916517509940056
3e011332,512,0.28871971544153824,0.5952497946796143,0.3977031550961525,-0.306530079238076
3e678ea7,512,0.3536426656209335,0.49909507069082615,0.4337769052152154,-0.14545240506989265
3ef6372a,512,0.41329565750189917,0.5753977921030593,0.47517529644784623,-0.16210213460116013
3ef98781,483,0.2918549595074583,0.5742599032441497,0.4353256216990565,-0.28240494373669134
3f603129,512,0.3599300341991569,0.5247084003782593,0.4362750021700128,-0.16477836617910235
404c4384,512,0.2871332544503765,0.5210428214956193,0.4118916407658518,-0.2339095670452428
4121c517,512,0.5651487511796606,0.5989936539028937,0.5064985785100421,-0.03384490272323315
41fb0192,469,0.21611419810390575,0.5630953620099577,0.45264122313345867,-0.34698116390605194
42669188,512,0.3675434208341751,0.5339481589918746,0.35700466803066006,-0.16640473815769952
42c538a1,494,0.39419782384988145,0.62285279381619,0.4472062046409093,-0.22865496996630852
43b06c70,512,0.3163720096379323,0.5403257502652005,0.3307721799005076,-0.22395374062726814
43c7f85a,502,0.3705556112861206,0.4558373157924616,0.3319933971327122,-0.08528170450634104
43e16325,512,0.28380134434183346,0.6266912689547194,0.4879022097385481,-0.3428899246128859
44441e54,403,0.36821870471318574,0.5283336707420562,0.41901857465110587,-0.16011496602887043
445af6c2,512,0.46992409259935586,0.6506592451613646,0.44167101579927537,-0.18073515256200878
4463446c,491,0.23915933199789857,0.47284294486286804,0.375007600130288,-0.23368361286496947
44a94013,512,0.2454258404869199,0.3811835975329158,0.28245480744612256,-0.1357577570459959
45fb3e21,512,0.6046651185341599,0.6889494469900299,0.5618563340448787,-0.08428432845586997
460f859e,512,0.44424125154229066,0.6456076146727097,0.5441513590231811,-0.201366363130419
4630ab92,512,0.4290255979228881,0.6502178658939141,0.49400574815224063,-0.22119226797102598
463c38f2,512,0.49413918232394016,0.5585990636277234,0.427652516218493,-0.06445988130378322
4654e7de,512,0.3719562679530635,0.5793441143271345,0.4655651033192583,-0.20738784637407098
466fc788,512,0.14934126101085804,0.4577031435876928,0.33550008429570144,-0.3083618825768348
46a301e9,512,0.4404258854624668,0.6598736662590132,0.4370920707804274,-0.21944778079654642
46a7190b,477,0.2555077630511812,0.6178214552916006,0.48543309421724895,-0.36231369224041937
46d24a09,512,0.302175985235849,0.5047664726811019,0.31972917047463983,-0.20259048744525288
46d41ff6,441,0.14984391398084163,0.7483652729003881,0.5784930068771336,-0.5985213589195465
46dfcfca,438,0.3469415270630448,0.4657008926317248,0.29669168246052663,-0.11875936556868
47222616,476,0.23566040073493352,0.5865847112819982,0.39843433548276724,-0.35092431054706463
47ee27ab,512,0.48018693148097547,0.6021829707216125,0.4907155925994245,-0.12199603924063707
481de5fc,512,0.3785396205320381,0.7030346793706688,0.49275284410299663,-0.32449505883863067
48c1f673,512,0.31112482485254334,0.47152893164976384,0.34341766476296226,-0.1604041067972205
4936af16,512,0.5452181271852086,0.702754985706434,0.5655002723664962,-0.15753685852122545
493b5b31,512,0.4009191443408033,0.513946004616887,0.3982954483577272,-0.11302686027608372
49dbc14c,442,0.44911304309328304,0.5971862024966339,0.47490735697633274,-0.14807315940335086
4a035ec2,512,0.3641670998664828,0.44044501648280604,0.332932235430747,-0.07627791661632322
4a335117,512,0.45795944845234443,0.5446027801378082,0.4433022465916456,-0.08664333168546373
4a8ecc0b,512,-0.02745334928625425,0.52345036811861,0.42833724798875616,-0.5509037174048642
4b462989,512,0.6763515028695767,0.6823159330044104,0.5795804818275007,-0.00596443013483372
4b831d20,512,0.46199835151427426,0.5583424315957047,0.48323866261883425,-0.09634408008143047
4c2208f5,512,0.34925596035467465,0.6703485919737737,0.443907899393712,-0.32109263161909907
4c3168cf,512,0.2953691354313778,0.5661636206880225,0.4224149447949699,-0.2707944852566447
4c3df468,503,0.17325756847386845,0.6300714968382836,0.4603359506149609,-0.45681392836441514
4caa7289,486,0.4372342243515322,0.6438945693454601,0.45783264947903973,-0.20666034499392788
4cd1ac61,512,0.3399671570993066,0.7208588444889414,0.460143328349431,-0.38089168738963486
4cecf7b3,512,0.22731632990582407,0.5235779413207386,0.4256671494346434,-0.2962616114149146
4ddde4c1,512,0.46946134406152995,0.6686045395509435,0.45345805059010647,-0.1991431954894135
4e050c92,510,0.5213924719863194,0.5451084207874217,0.4973364316634757,-0.023715948801102282
4ed93db6,512,0.7116379445612094,0.743763266903946,0.5478408616886408,-0.03212532234273657
4f3eb9e9,404,0.30816052998634297,0.3066833978004503,0.23274548468271547,0.0014771321858926822
4f4ac5ce,512,0.28920582920054994,0.60393531766414,0.4248610136352302,-0.31472948846359006
4f4afcc6,512,0.38016630791659145,0.5188380619876689,0.38280316012058435,-0.13867175407107746
4f69febf,512,0.46907872462471234,0.5878656189511865,0.44805486071100925,-0.11878689432647416
4fbe9c06,512,0.31212497513781046,0.5607982122053221,0.39436599061195227,-0.24867323706751165
504c8b08,512,0.27299493446531237,0.3850724142763041,0.324027217216522,-0.11207747981099175
511e1db0,512,0.36680821740561176,0.5961680105893361,0.46828015641232734,-0.22935979318372435
512943b2,512,0.33331843668952854,0.5561949500381653,0.41191501038868855,-0.22287651334863678
5138a660,423,0.09434700422263358,0.43163205759719636,0.3258199568408393,-0.33728505337456277
516088b7,512,0.35737006772356994,0.5457760647589702,0.45476469161913907,-0.18840599703540029
521a7819,512,0.20466017247015206,0.35262272215296997,0.2686368094052433,-0.1479625496828179
5254b6db,512,0.5574271829087717,0.6463225939139359,0.5710777590500621,-0.08889541100516418
529e88ca,512,0.40912846534862424,0.5994668708354962,0.45871715012080877,-0.19033840548687198
52f1e77a,512,0.42055329350484705,0.6373998166671694,0.5386126080728385,-0.21684652316232234
5305524b,512,0.17831507429638915,0.39812775600250494,0.2942517920631997,-0.2198126817061158
53134831,512,0.3602652320759787,0.4935752028436232,0.38319137035812695,-0.1333099707676445
5397ceb1,512,0.4800119884005932,0.5589978211341116,0.4349238635772823,-0.07898583273351834
53f23031,512,0.26842384300231265,0.27600383918242277,0.23707247160082737,-0.007579996180110127
543198e8,512,0.29806479159060595,0.4828738220829789,0.3228773801472905,-0.18480903049237296
54753541,512,0.7009888585580832,0.8594181406042212,0.5457567293580973,-0.15842928204613793
54a7e3c2,512,0.2778038674018113,0.729510241499758,0.51362740628896,-0.4517063740979467
5542c301,512,0.40674548631784185,0.5638131231726121,0.4359420346426935,-0.15706763685477027
5567d551,500,0.4061279663483832,0.5079508337000845,0.44265571716110724,-0.10182286735170132
55efee7f,512,0.38787583837420775,0.573898788021761,0.41573929183153685,-0.18602294964755323
5663b2b7,512,0.8339228998839348,0.9172742340214903,0.7663176796089558,-0.08335133413755558
5693dde2,452,0.260354390113957,0.5268961424800752,0.4270765406365846,-0.2665417523661182
56b00794,409,0.3662850787178947,0.532668430712573,0.42180500132752696,-0.1663833519946783
57796579,512,0.17883969984437897,0.5402723156625469,0.2980546752532445,-0.3614326158181679
577eec7c,512,0.3178322825170881,0.5494440525672037,0.4232439071025445,-0.23161177005011563
57f05c51,512,0.11247390217678452,0.4466098124223914,0.32391937978136237,-0.33413591024560685
58850d2c,512,0.38781565096973003,0.7002234703524709,0.5486930597218204,-0.31240781938274087
58fa8486,512,0.542467124459197,0.8208096582890829,0.6840820586561708,-0.27834253382988594
591cc951,512,0.5563105333166921,0.7572200223508492,0.6367977648926954,-0.20090948903415706
593876b6,508,0.27228325107840545,0.5434917347202146,0.43416599868112876,-0.27120848364180916
59f8b2e8,512,0.3802995197559057,0.47066439967136586,0.34252635782207164,-0.09036487991546016
5a1a8fd8,512,0.5330178230795589,0.5951854607185327,0.483360510140533,-0.062167637638973816
5a5269a9,512,0.4551413751813752,0.5515515629972451,0.4524132310817093,-0.09641018781586985
5a5d1982,512,0.49305675774789975,0.6906598677331547,0.5304445169982076,-0.19760310998525493
5a63b5d1,512,0.1859642476678119,0.5386745170484759,0.3874184653473292,-0.352710269380664
5aa03df7,512,0.44099127248493253,0.4415489018364342,0.38311912157536065,-0.000557629351501665
5aa403d0,512,0.1799233517867464,0.7096597576586103,0.5777329980390459,-0.5297364058718639
5aef5c6c,512,0.42627375721571986,0.5458000678094076,0.44238041837517406,-0.11952631059368773
5b7b6324,512,0.45939155022323247,0.5174622178630169,0.42694187402776834,-0.05807066763978447
5bd25f59,512,0.42110181205035224,0.618446209453083,0.49604772053917195,-0.1973443974027308
5beded95,512,0.48060742040387444,0.6192999239991065,0.45493968229564125,-0.13869250359523205
5cb483ac,451,0.5699844636378892,0.5562860321806066,0.4885868800396336,0.013698431457282667
5cdd8dbc,512,0.28017996070856477,0.6148187601815664,0.43184336572806997,-0.3346387994730017
5d11dfb5,512,0.5997244886454226,0.6199040634380274,0.44485220288074423,-0.020179574792604793
5d7198fd,476,0.1594550563120415,0.6391521586978915,0.45815446196694065,-0.47969710238585006
5def1ce5,512,0.09138728565321477,0.47258137252827614,0.33972011400304436,-0.3811940868750614
5eae34a8,512,0.5798987283898246,0.7080536627763767,0.5130196451392416,-0.12815493438655212
5f4d2a52,512,0.562239015935994,0.565443119961355,0.4846355579484509,-0.0032041040253609765
5f6756c5,512,0.4761872800741124,0.6997440225275036,0.4279009748171137,-0.2235567424533912
5f75f796,512,0.5194998229538557,0.6183684010461752,0.48610411597900366,-0.09886857809231953
5fb1c15f,512,0.4446827435989612,0.572336147982951,0.4423974699299393,-0.12765340438398975
5fffa282,512,0.44787837205207914,0.5960321648831867,0.4581593388538186,-0.14815379283110752
60e37807,512,0.5026904623067959,0.6037634451237249,0.4751895554569849,-0.101072982816929
61f27424,512,0.1971282859193764,0.4091209017105062,0.34205868024440744,-0.2119926157911298
62569ae3,512,0.3337150383586436,0.5733417413443195,0.4740213359053977,-0.2396267029856759
62a6f539,512,0.28889128066127245,0.5469093476646703,0.42942256768897274,-0.2580180670033978
633774dc,512,0.38778605774754393,0.583432467128456,0.4172462884215666,-0.19564640938091205
63559d57,512,0.26779613659567575,0.6540160506319063,0.517781795344045,-0.3862199140362305
647f2a41,512,0.2221633649484705,0.4352724561292536,0.2991722270272404,-0.21310909118078308
65156b96,512,0.4329557575152513,0.5699100991381325,0.4370944273884947,-0.13695434162288123
653612bc,447,0.21217618674618607,0.45820206720065343,0.32534368143443737,-0.24602588045446735
656a067b,512,0.3650409594692764,0.7020052812632349,0.5139068091446625,-0.3369643217939585
65a5466a,478,0.49356093196679973,0.5508610270546264,0.4523618628638004,-0.05730009508782663
660d9546,469,0.5619592960977192,0.6206898226699776,0.5309042650262166,-0.05873052657225841
6767c111,512,0.5841958553778892,0.65738608467692,0.49776422167812834,-0.07319022929903074
67847288,512,0.45797320693430643,0.5938077666304121,0.4780785791351218,-0.1358345596961057
67a8da4a,512,0.4410412039094696,0.5616364343349027,0.4308016409904531,-0.12059523042543313
684a6fc1,512,0.08355696395297436,0.5259049644650369,0.41156082311615866,-0.4423480005120625
698930d1,512,0.40152154068926116,0.5011860933410803,0.44972194966882545,-0.09966455265181917
699ea575,451,0.18151877720781726,0.31268768396012764,0.2548523255142097,-0.13116890675231038
69c1bdad,512,0.4289509775891166,0.7099890225506713,0.4801873031224016,-0.2810380449615547
69e41fa6,465,0.18410612216246022,0.38295048783247737,0.3237595885149571,-0.19884436567001715
6a0ff78e,475,0.4312424770963963,0.5115580829982589,0.4270782754080779,-0.0803156059018626
6a8fa194,512,0.5964897519243689,0.7314732862898023,0.6327715551075029,-0.13498353436543342
6ae68655,512,0.28321801458234386,0.4348976174709166,0.35023361305540684,-0.15167960288857274
6d1d74e1,495,0.50972692336659,0.6214296266950523,0.5106858207308312,-0.11170270332846233
6d590e26,512,0.32683594866746757,0.6147680251420623,0.45040671364612633,-0.28793207647459473
6d6d93af,512,0.3864621072683938,0.6011728613702163,0.4775164435415215,-0.2147107541018225
6dbe4b60,512,0.39413702826691366,0.5060019322338981,0.44745411778758165,-0.11186490396698445
6e6d122c,483,0.38776374059825786,0.6257808178456982,0.4458700157560871,-0.2380170772474403
6e9ccd38,445,0.33225578254720284,0.34564502903412014,0.2875198279649536,-0.013389246486917306
6ea22614,512,0.27017439815412647,0.42674034014511814,0.3350649557112366,-0.15656594199099166
6ede926a,512,0.3900144034281914,0.5750203306935422,0.4148860360842677,-0.1850059272653508
708caea9,512,0.4297485911319865,0.5961911260848078,0.4314401365549254,-0.16644253495282135
70925e23,512,0.5545736654759911,0.7753821259450429,0.47868373661799574,-0.22080846046905178
70e1788b,512,0.5122025407465798,0.5870187130780956,0.3962316401617983,-0.07481617233151583
71642c7d,512,0.3380222175212573,0.5804417746238836,0.452240306469965,-0.2424195571026263
71ccf778,512,0.40364149097438307,0.3985695130882062,0.31328397294989513,0.005071977886176859
7224331b,501,0.5900978976848567,0.7654480900419968,0.5980599069296838,-0.1753501923571401
722cf0d8,512,0.2594144053596933,0.6576243773932453,0.49527712047003725,-0.398209972033552
7256229b,512,0.26176314244676047,0.514912937508142,0.36684084418466395,-0.2531497950613816
726f3dc2,512,0.49793403484865467,0.5630322439732116,0.46121373163694496,-0.06509820912455694
7271dd80,475,0.16795412650501862,0.4212217498169913,0.3119351570201283,-0.25326762331197267
727a3a10,512,0.26854279067825937,0.42079505485882085,0.2893290620535711,-0.15225226418056148
729665c0,504,0.27313483246857145,0.48559475601847246,0.3090798148196749,-0.212459923549901
729e9750,502,0.24263255445435875,0.4598381134764825,0.3233516456687751,-0.21720555902212377
729f4217,465,0.6293315683128613,0.7375762356128195,0.57233164599532,-0.10824466729995819
72dd8501,512,0.37000805811375426,0.6755717715707623,0.5399802209939083,-0.30556371345700806
73348914,488,0.5863809886995687,0.6728208767236157,0.5578052174176366,-0.086439888024047
739a914f,512,0.5161196799716605,0.5238713539999913,0.4204042040305025,-0.007751674028330768
73b1447d,512,0.34555688001229945,0.6293590251423646,0.43088349250930597,-0.2838021451300652
74b6186b,512,0.3770451014554998,0.6424757248638671,0.5204935973500487,-0.26543062340836726
75c20ec7,512,0.23937398426590203,0.36519340957912194,0.29924247351119887,-0.1258194253132199
75cd5f11,488,0.5579066318540302,0.7930841100301241,0.7006704474230041,-0.2351774781760939
75d20a82,512,0.8339228998839349,0.8451578900294169,0.6809688720128837,-0.011234990145482016
76201745,470,0.41010039463568176,0.5176267689865106,0.40224259467096024,-0.10752637435082885
764072a5,512,0.4476795220773024,0.5452956258170897,0.441832430586806,-0.0976161037397873
77b0d905,512,0.3528580059598436,0.5506646311314536,0.3991749044454344,-0.19780662517160996
77e4821c,382,0.4368028852289655,0.6544714979081554,0.5412913209799316,-0.2176686126791899
7850c72e,512,0.491402202996093,0.6810162602143364,0.4807524897820037,-0.18961405721824337
78a4a386,375,0.3642345804663346,0.5442255132202721,0.435346921156901,-0.17999093275393752
79507629,512,0.3800814165657145,0.388116800623597,0.2901113904941977,-0.00803538405788251
796dbd4c,512,0.26326851122779793,0.4699919973627259,0.35002567888422315,-0.20672348613492797
7987f2f2,512,0.5975614305389438,0.666487118853106,0.5710834782144486,-0.06892568831416213
7993a768,512,0.33999288537654504,0.4720296252506135,0.3545179263304134,-0.13203673987406844
7a5660b0,512,0.31792845851461304,0.48736435472574974,0.3957785811318148,-0.1694358962111367
7acda2df,487,0.41793051347930504,0.775490497365414,0.5034700823121728,-0.35755998388610893
7b2c7b3c,512,0.33343485913494986,0.44995402920082006,0.3230305284311369,-0.1165191700658702
7b38844c,482,0.21373951278883677,0.42546254583708487,0.3695930365208695,-0.2117230330482481
7bb17b96,457,0.32374236098291453,0.6365645106345554,0.43843865795126336,-0.3128221496516409
7c607683,512,0.2767140281022047,0.4047913565505289,0.28712653441610075,-0.1280773284483242
7cbbd047,512,0.2294911524222356,0.634509070935699,0.39317748923082924,-0.40501791851346336
7cd4bb31,506,0.3889998105330792,0.5034025838322871,0.41528466350517473,-0.1144027732992079
7d50373e,457,0.1965025785298717,0.27269937017104057,0.23535922765278694,-0.07619679164116885
7d57c75d,512,0.5083973945584132,0.7214769767452264,0.43151578948999153,-0.21307958218681322
7e208414,502,0.15202214434677352,0.5579013982055917,0.4203026155390737,-0.4058792538588182
7e721392,512,0.23139087851532725,0.7044967441472584,0.48645430732248696,-0.47310586563193113
7ff89f8f,512,0.357987113202139,0.4077887452414318,0.3726011936682569,-0.04980163203929283
8050c789,512,0.3802142874770055,0.4303596383318584,0.36059587875497723,-0.050145350854852944
807f0298,512,0.35379363027495303,0.4234072542455351,0.3441088955082759,-0.06961362397058207
811f52b3,512,0.20965349943024578,0.5216512256212679,0.3619440753386682,-0.31199772619102206
81bf5923,512,0.3073048738620827,0.4443107119791081,0.3799922683033763,-0.13700583811702538
81fc01c6,512,0.21664431313775756,0.4147598232641406,0.2720957475710842,-0.19811551012638307
8255c867,512,0.5083955733347926,0.6349543250368885,0.5195800139215593,-0.12655875170209596
82aab6d2,512,0.6167138089601207,0.6659025857729433,0.5712900425170188,-0.04918877681282252
82fcf37c,461,0.25341372034119675,0.5241868564342809,0.4321836595042183,-0.2707731360930841
833af382,512,0.4120262675339537,0.7208151643687402,0.4619982599366303,-0.30878889683478644
8382f4b6,512,0.29061924972503694,0.3744607784942139,0.3102254511631885,-0.08384152876917694
84633df4,512,0.4432629707124643,0.5379863005584982,0.3944919587762743,-0.09472332984603388
8478df29,512,0.7496852747030628,0.74720175566326,0.6506990125898416,0.0024835190398028173
84815d5a,512,-0.007280778957923355,0.629955093782191,0.46449344767217154,-0.6372358727401143
84c3b497,512,0.19247639438857675,0.5449839559917066,0.45328413715851457,-0.3525075616031298
85380836,512,0.32591254106403666,0.5594166514542359,0.369466102824667,-0.23350411039019925
8612b37f,512,0.3660163807572558,0.608480742125466,0.42104399247495444,-0.2424643613682102
861e71df,512,0.16950336447543166,0.407047793147305,0.2821539641780407,-0.23754442867187334
86454a6f,378,0.6524683847498035,0.7790523517259463,0.6854192173716903,-0.12658396697614283
8648abae,512,0.28431464805874657,0.4709832242348789,0.3502915405564248,-0.18666857617613236
865033f8,512,0.6036398788199927,0.7671392042605129,0.5770434535612484,-0.16349932544052015
87695469,512,0.5586248847650863,0.7353227531722512,0.5584478568048047,-0.17669786840716484
877ed19c,512,0.6145366248900314,0.7023344094190087,0.5730750121726926,-0.08779778452897735
87aa3730,512,0.4906076957306223,0.5641893838054637,0.47503017212512844,-0.07358168807484139
884ecb5f,443,0.24804743987270622,0.5139482317203704,0.41275582879452627,-0.2659007918476642
8902c3f6,512,0.5645059493329656,0.7927855151026066,0.5307367497952781,-0.22827956576964104
896d15b9,473,0.3078512435760502,0.7270185045821234,0.5753935432614682,-0.41916726100607316
8995c945,491,0.06411577973048072,0.6034821869822788,0.4366039255277794,-0.5393664072517981
89969c7a,456,0.35865081061073767,0.5829934906788059,0.3986019354612474,-0.22434268006806823
89f1085d,501,0.4768587276077653,0.7120945346973299,0.4999554522070528,-0.23523580708956454
89f36adf,512,0.39326423106180586,0.5264513270823903,0.47762487111872914,-0.13318709602058443
89fdb2f2,512,0.4390317498028262,0.6027431308871272,0.47831257007993305,-0.16371138108430094
8a3da6d1,512,0.29136195923173863,0.5242272560826895,0.3841811006016734,-0.23286529685095086
8a89da23,512,0.2601709860079513,0.4564124970730495,0.3400560093876582,-0.19624151106509818
8a9c8932,512,0.26289635585650156,0.5667329961417067,0.43721611090134016,-0.30383664028520513
8ac2f237,485,0.35075258258767716,0.5756872792859574,0.47265970436120086,-0.22493469669828026
8b12bab6,512,0.44591409436733453,0.5106574890208548,0.4071548021323361,-0.0647433946535203
8b5be31b,512,0.4204568725658072,0.5561050756260996,0.4123429778955616,-0.13564820306029235
8b95d6d1,350,0.43862592215819934,0.5179605537152906,0.41785891809710973,-0.07933463155709125
8b9d8326,512,0.3182333568087478,0.4169498917960761,0.3563415021275258,-0.0987165349873283
8bb9c1e6,512,0.3400005002283186,0.5496438996423583,0.476612222022748,-0.20964339941403964
8bda1a11,485,0.25071887565848716,0.6557016498575554,0.421230558231595,-0.40498277419906825
8bfa881d,512,0.2801567939591292,0.6617949951015171,0.44934449213745853,-0.3816382011423879
8c167025,512,0.27757326659828774,0.5843028384693695,0.481814705115815,-0.30672957187108174
8c8348e8,512,0.26023417296588014,0.41459215370250674,0.3258946075211901,-0.1543579807366266
8cc21f01,512,0.6943018248461174,0.7809838352580762,0.5950711938117624,-0.08668201041195889
8cc800b3,505,0.32418374992972687,0.4842804392618838,0.3977205358448301,-0.16009668933215693
8d5d46d7,509,0.17260169931208097,0.6312772073175199,0.5336827465627952,-0.45867550800543894
8d92cb49,416,0.4310787183145069,0.5987376654654846,0.5158372469837437,-0.16765894715097768
8f201368,512,0.29363081010323516,0.4784986058177101,0.3811874135257792,-0.18486779571447493
90386ee4,488,0.23569687097836275,0.4689237278333907,0.3725626306644029,-0.23322685685502795
91abc4c7,512,0.5286188161148524,0.5620627427717826,0.46926081845431367,-0.03344392665693019
91b301ce,512,0.4065789202357364,0.688057783069876,0.48827002514789025,-0.2814788628341396
91db7070,512,0.2680279798775496,0.5274657541373986,0.39898913416137066,-0.259437774259849
925a7cd1,512,0.3702175812445417,0.5844426217120664,0.4559434844297426,-0.21422504046752472
9283ae69,512,0.21186745123059858,0.41890323948139463,0.34414651622415615,-0.20703578825079605
9298ad5b,512,0.24256259406496794,0.5707420968316688,0.4344867484276114,-0.3281795027667008
9314ff13,512,0.15057030025800994,0.5765888972731215,0.3852851155869051,-0.4260185970151115
93209a3d,512,0.4046019130174673,0.6254427476589375,0.44778397581343565,-0.2208408346414702
939d9c34,508,0.3618438585155975,0.5975990934593332,0.46762507175634926,-0.23575523494373563
93f5d2e6,493,0.36432288642451566,0.6859890604157636,0.5745599852969698,-0.3216661739912479
940a48d9,512,0.2948317687690092,0.6722791002688574,0.42777156147484613,-0.3774473314998482
940e709a,512,0.2533647498913022,0.5887566739601203,0.4522956205941619,-0.3353919240688181
9426ec1e,463,0.09748858659547863,0.47285539089145995,0.3806508150906509,-0.37536680429598135
94467f50,512,0.5277499029989559,0.5883528093477673,0.4528964973384581,-0.06060290634881149
944f36b9,468,0.306856713155066,0.5383412984634484,0.4326310075094373,-0.23148458530838234
94d813a4,512,0.41154911563458585,0.648514088808914,0.5231407026400149,-0.2369649731743282
95b559e7,512,0.5253320152985779,0.755013313163132,0.6092345382012461,-0.22968129786455416
95c8427f,512,0.30850794067287207,0.5129020891680092,0.43922999916643074,-0.2043941484951371
96936c22,512,0.6050785199494655,0.6317337041550293,0.4831300057360997,-0.026655184205563787
96ae5806,512,0.39177843107210275,0.5173360873254201,0.36731480894121354,-0.12555765625331738
96b7eea1,512,0.5058711923259407,0.5398769417763798,0.44353865091985356,-0.034005749450439104
9719aa04,512,0.27856161662790735,0.581032985211055,0.42964337140511394,-0.3024713685831476
974802e7,512,0.44266518565605617,0.6023956438925981,0.41927451603936844,-0.15973045823654197
97cd5bf9,512,0.215382212469247,0.5905266840213617,0.378594132807178,-0.37514447155211467
98177ced,512,0.34042287914147595,0.6068239856724553,0.40840375677003804,-0.26640110653097937
9896fc0b,504,0.23158618440390855,0.5417667170465441,0.3843250754289946,-0.31018053264263556
98bc6f66,512,0.26304932384243257,0.541655962283444,0.3866490958877393,-0.27860663844101147
992c99e8,512,0.3890719783540982,0.670918608945207,0.5146993043972569,-0.28184663059110887
992ce078,512,0.46405583985376836,0.5474167555380449,0.47686468325339687,-0.08336091568427656
99529c45,512,0.3285252751651736,0.4792456654574839,0.32808707558369476,-0.15072039029231032
995ff498,512,0.47398789333317687,0.5962977441958033,0.4786542363149418,-0.12230985086262641
999daf80,512,0.683397068132942,0.7277424817056439,0.5875796124225215,-0.04434541357270194
9a6b0392,512,0.6521506838425936,0.6241195800774345,0.4957430412139718,0.02803110376515905
9a8ae0d6,512,0.4500101895452893,0.5095179412500506,0.408310932449284,-0.05950775170476125
9a95e33f,512,0.40432186929354025,0.6349805174739511,0.4009433763965819,-0.23065864818041087
9ab94eeb,512,0.5687088281836639,0.6086697450312359,0.4834954610794202,-0.03996091684757208
9ad5410a,512,0.34510010130393803,0.6371022048953754,0.41861161988919715,-0.29200210359143736
9ae248be,461,0.3882205868959557,0.4983846671747231,0.44006908182796795,-0.1101640802787674
9af1ffd0,512,0.33631446947138605,0.40461508466985485,0.3600329660468066,-0.0683006151984688
9b5b61c1,512,0.2930906954226177,0.5216205576356545,0.39483293310500756,-0.22852986221303684
9b9e3b49,512,0.38708992782606544,0.5846070615616245,0.49866281102667337,-0.19751713373555901
9bd2bba3,512,0.20549364545553345,0.45035496781664863,0.3568942017202494,-0.24486132236111519
9c211c53,512,0.423136683392771,0.6769466861217126,0.5565847581663529,-0.2538100027289416
9c350a6a,512,0.56260275964863,0.6164411646784926,0.5074473552173244,-0.05383840502986259
9c8375f7,512,0.3618811971655577,0.5955230963002012,0.5045140153178737,-0.23364189913464345
9d072e4c,512,0.26543447918266144,0.6538762263195323,0.4525927501728359,-0.3884417471368709
9d3ec64c,485,-0.16355277823496178,0.6685869236444952,0.5787457984638052,-0.832139701879457
9d4272e3,512,0.4998639146495276,0.636824223967345,0.5790503934164858,-0.13696030931781733
9d5e14d4,388,0.08807019817372597,0.43658818173378955,0.3558484854863957,-0.3485179835600636
9da441ba,500,0.2695617607449174,0.5218290393927965,0.3986014306119478,-0.25226727864787907
9dede370,512,0.3858358136551609,0.41984530962367383,0.3299234379955756,-0.03400949596851294
9def2eb2,512,0.37395966885021165,0.4352511539609132,0.3426947597077308,-0.06129148511070154
9df1b1f9,512,0.30810391731372744,0.4122867218845031,0.32897198319840426,-0.10418280457077567
9dfff011,512,0.48635934746936393,0.6271879473446007,0.45507249917584575,-0.14082859987523677
9e3e364d,506,0.4675320577661686,0.7465139181606745,0.47453400651179195,-0.2789818603945059
9efc812e,512,0.404214206589425,0.6829501131100129,0.4489891102010626,-0.2787359065205879
9f0c7bae,499,0.3001498497519977,0.6326108691105614,0.4049303339528458,-0.3324610193585637
9ffce529,487,0.5102204541711741,0.8349510291390251,0.6829107253831812,-0.32473057496785096
a0383629,512,0.5515566752501817,0.5521518484852221,0.4295105322798858,-0.000595173235040436
a056d01e,512,0.3176655127682567,0.5042374510573528,0.40983461013141564,-0.18657193828909613
a08d9e63,504,0.3227049134627758,0.691699299885127,0.3865195913514128,-0.3689943864223512
a0b83014,512,0.2321297102766989,0.44496955434913216,0.33566661042588897,-0.21283984407243325
a0e92ed6,512,0.2592641532226745,0.5110897787225743,0.3209031345581022,-0.25182562549989984
a15bc102,512,0.6204433414134122,0.7103201401516683,0.561681895906079,-0.08987679873825616
a247e7cf,512,0.1662320761889131,0.3817528311993401,0.2758629789920471,-0.215520755010427
a2e8e7f6,350,0.43862592215819934,0.5207936492590343,0.4183323781857397,-0.08216772710083492
a3518960,512,0.40344875062600016,0.5084148133596251,0.419776922436161,-0.10496606273362497
a3f71395,499,0.4579713858047814,0.6537888272142176,0.5538071910962012,-0.1958174414094362
a4719920,512,0.5627905215890672,0.6625510246138218,0.4152467942137019,-0.09976050302475459
a48640d9,512,0.46127748210335706,0.7303772244994449,0.49558209265917413,-0.2690997423960878
a4cdbb0f,512,0.5838014944781742,0.7456448936497503,0.5078658202268475,-0.16184339917157609
a4f989c2,512,0.3300919014391651,0.6959081084320538,0.5051882988237466,-0.36581620699288864
a5aa7973,512,0.2364068760744581,0.4402957941062049,0.29647502543922905,-0.2038889180317468
a5e6f7dc,512,0.4450508000360537,0.5495291954160313,0.4034082130420988,-0.1044783953799776
a612d5a0,512,0.4132718148106108,0.5739187371053309,0.4063815224370138,-0.1606469222947201
a622ce4d,512,0.2403802521028522,0.428032385659464,0.33782102330232594,-0.1876521335566118
a645da9a,512,0.28042116049100674,0.5553914524728206,0.43066484652376236,-0.2749702919818139
a692b17e,512,0.47085695712189973,0.45540159312891326,0.3635608305537759,0.01545536399298647
a6b8ac67,512,0.09840254829305187,0.6777698221190709,0.48942616898062563,-0.579367273826019
a6ed2eff,512,0.19260428251419748,0.3482725634516135,0.26283793877494044,-0.15566828093741603
a6f967fb,512,0.5645067511687875,0.6281871405158304,0.4962263856421876,-0.0636803893470429
a76db406,512,0.5423390080905242,0.600455405730649,0.3952469705753133,-0.058116397640124884
a7744f5b,512,0.36051676757922463,0.604209158684975,0.3971141734998553,-0.24369239110575042
a783cc24,462,0.23559465491320403,0.5564437929344553,0.42542148850133765,-0.3208491380212513
a79fd2e7,512,0.3909306393346488,0.7663808950259496,0.5834045672121392,-0.37545025569130086
a7fc3e6b,512,0.24072022700131604,0.5977697734776181,0.45531687165977025,-0.35704954647630205
a85bb86f,512,0.27780887524328746,0.42696626420792605,0.29886276265767225,-0.1491573889646386
a85e4bc3,470,0.4869649979112298,0.5218631970887571,0.40036527831622665,-0.034898199177527234
a87433c9,512,0.5159986054697298,0.6069725844178698,0.45177816601896165,-0.09097397894814008
a8ed028a,512,0.49666268120353346,0.7595082494513065,0.5462554777149938,-0.262845568247773
a959858c,455,0.27763186239353443,0.6948896035651603,0.5412772539320705,-0.41725774117162584
a9c9b150,512,0.44987031794912336,0.7455409001912181,0.48530695240745697,-0.29567058224209475
aa95015b,487,0.3260785021478871,0.48653804243341936,0.4099120531582546,-0.16045954028553228
aaaf3c03,512,0.7420722722324791,0.7676950954258854,0.622362005953137,-0.025622823193406363
aaeffccb,512,0.40833609179117414,0.5802298024748415,0.4731288525214456,-0.17189371068366732
ab112491,512,0.40328329617459374,0.73574822413082,0.4600182544872762,-0.33246492795622623
ab18d3fc,512,0.17264441967602118,0.49062346379955013,0.3820714916397357,-0.31797904412352895
ab3ced07,512,0.2805060508798045,0.3860491480167262,0.3164296869556482,-0.10554309713692167
ab6fe95d,512,0.46854565359268074,0.6923106471794733,0.4765011144172666,-0.22376499358679258
ab94878e,512,0.5686095467553934,0.6417489957853868,0.5300580139858624,-0.07313944902999336
abf460d2,512,0.3546267037168376,0.6566246600829344,0.42955889168165173,-0.30199795636609683
ac6f01d5,512,0.3176535078849797,0.5662106044076002,0.4240298685668496,-0.24855709652262048
ad2133a8,486,0.4246524690825448,0.6996670657746312,0.3840728290656042,-0.27501459669208644
add9c322,512,0.1539867942928382,0.3816004287290889,0.30775033064190044,-0.22761363443625068
ae069086,512,0.6400036454132311,0.7089061616042092,0.5569347755012949,-0.06890251619097809
ae0784a8,449,0.3198525536589215,0.4729020057540846,0.41104030454804313,-0.15304945209516307
ae35f33a,512,0.25203076165303917,0.5871503638897468,0.3955070501242502,-0.33511960223670767
ae8959c3,512,0.6307989766904332,0.6646979753656538,0.5544936512717942,-0.033898998675220615
aed44918,433,0.7125110387238469,0.786967573479698,0.6530269824050124,-0.07445653475585112
aee6393a,427,0.4708262350595573,0.6117030066433113,0.5188577742628531,-0.14087677158375406
af7a59ce,435,0.32013158628116367,0.5331089192976978,0.44548779025341534,-0.2129773330165341
aff4e561,512,0.1650786780175872,0.46968672188515875,0.366898908798311,-0.30460804386757157
b04b58a3,512,0.31952938097940076,0.3956707221410546,0.2926481429556305,-0.07614134116165383
b0d42b0d,462,0.537160353261572,0.6383617761959479,0.5602605248941331,-0.10120142293437595
b0f53bf4,482,0.3581673217306519,0.4782025856251383,0.4308433130829146,-0.12003526389448638
b19b0395,461,0.43283363714614453,0.769098129599837,0.6788505353500311,-0.3362644924536925
b1efb8a4,512,0.47828793322936364,0.742381194363714,0.624116843091567,-0.26409326113435033
b32902c0,512,0.5659184412443332,0.7183640097974667,0.4937599220459616,-0.15244556855313351
b32e4903,512,0.489381103487024,0.5766115693587901,0.47758256765009394,-0.08723046587176608
b3388334,512,0.26511504611097136,0.510996681097162,0.3428997240878109,-0.24588163498619064
b37fd114,512,0.5144666284584618,0.5753704045593688,0.49685136690239257,-0.060903776100907026
b38e3116,512,0.2564701698850629,0.5725751638324181,0.41299317350340464,-0.31610499394735525
b4d8dd4f,512,0.19997267487946893,0.46298832130202144,0.31641725763220885,-0.2630156464225525
b4f37e6e,502,0.4425580263511559,0.6114806961363161,0.4775383998371416,-0.16892266978516018
b56bc0aa,512,0.18221536845317132,0.4104959225691196,0.29932776131002686,-0.22828055411594828
b585b4fa,512,0.3036907760304748,0.600748725150449,0.4545156703585622,-0.2970579491199742
b5aa9634,473,0.17110611386315216,0.6126849558492704,0.5055437222491661,-0.44157884198611824
b7974e66,512,0.5122585764569818,0.6436393245129909,0.529757236996956,-0.13138074805600908
b7cdcecb,484,0.23624329826600052,0.35614176749591087,0.27923298901990246,-0.11989846922991035
b7fea9ef,512,0.276049445435519,0.545201436146608,0.40691519112262026,-0.269151990711089
b85f7b06,512,0.3379637036458143,0.5867109152079186,0.4181620272260261,-0.24874721156210433
b881d27e,477,0.29221782248228434,0.5811754784868068,0.4226178021572648,-0.2889576560045225
b8c49c1a,512,0.41026514877056547,0.4570134982186348,0.4055469184917169,-0.046748349448069326
b95e7121,395,0.2566336125211612,0.5331032254288638,0.3844545490160502,-0.2764696129077026
b977be4a,512,0.2923914378635615,0.6476033949759991,0.5369243684135659,-0.3552119571124376
ba48188d,456,0.1912725381586416,0.4931688343373634,0.3477066459308907,-0.3018962961787218
bb2cdd83,512,0.4190969590951671,0.5377913303090365,0.37580723028681345,-0.11869437121386939
bb337fa0,447,0.30693084611763327,0.42331528085832604,0.33467519645603083,-0.11638443474069277
bb682ebd,512,0.3246073476236694,0.5734640328254662,0.43422541079923316,-0.24885668520179682
bc4381e2,512,0.523268284140635,0.5883445961040796,0.49552586114923236,-0.06507631196344466
bcebcc5f,512,0.0835569639529744,0.581614305358553,0.4073664867982602,-0.49805734140557856
bd2c2f34,512,0.49880699986736243,0.7300506889382473,0.6194249351643726,-0.23124368907088488
bd4ae5da,512,0.34275369624528157,0.5342780150561433,0.4398451492671731,-0.19152431881086168
bd6f0e19,512,0.6642842221238942,0.6569774287844566,0.41879227649311207,0.007306793339437512
bd8f847e,400,0.6305655450081205,0.8154166003856457,0.5608167005825146,-0.18485105537752522
be063506,512,0.4159449992918969,0.530235881888347,0.39332452736498213,-0.11429088259645015
be35c8f2,512,0.4757101916814459,0.6347088479630856,0.4870271070309172,-0.15899865628163967
be83e781,512,0.3846990880755694,0.645367073158035,0.5070507744145517,-0.2606679850824656
beda8696,512,0.23828592906112384,0.5930319661213346,0.4321322955715507,-0.35474603706021074
bf39bc20,512,0.35218346673976886,0.38865349834632357,0.33989077930426154,-0.03647003160655471
bf70b410,512,0.24086091298896084,0.6860476542139344,0.4917784770161566,-0.4451867412249736
bffe3082,487,0.40898810721691414,0.6574310474196914,0.4918291777339374,-0.24844294020277724
c03b9305,512,0.24148687858028453,0.42652734275538373,0.3270381697151068,-0.1850404641750992
c03d4aed,512,0.23599074678246523,0.2616495070749848,0.20208170063550845,-0.025658760292519567
c03fba65,512,0.4498523715510781,0.48233972525105806,0.3794596157233363,-0.03248735369997996
c07fd0cd,512,0.27541948864468413,0.6234424434603969,0.5447140630014942,-0.34802295481571277
c1708b88,512,0.3322357187759173,0.5203796659980846,0.3793452076055079,-0.18814394722216732
c1d046f4,468,0.17505522812208185,0.49266136951625095,0.35905486939236747,-0.3176061413941691
c2717d4f,512,0.3770938608561046,0.4382712837483316,0.34733044171234667,-0.061177422892226996
c2c4db09,512,0.4181081190175669,0.5788938044672922,0.45134188524792446,-0.16078568544972532
c2c6fc71,512,0.11453618017077315,0.6240804440816542,0.4662945320870406,-0.509544263910881
c36625df,512,0.6381710893967214,0.7702607229349991,0.5681103520894504,-0.13208963353827774
c3957531,512,0.3946685790349958,0.6434469145779877,0.44050348834977227,-0.24877833554299195
c42fe306,512,0.28355735985401165,0.5586685248399939,0.45383816203447536,-0.2751111649859822
c43812e2,512,0.5966009404408907,0.6859616091818125,0.5800902329334429,-0.08936066874092174
c472c0b5,512,0.4452788175823338,0.5733810075709651,0.4877001114281004,-0.12810218998863132
c47e0767,512,0.4833701517953719,0.6337944118634815,0.5190079075940125,-0.1504242600681096
c50b42f6,512,0.3796126852265623,0.46315112660316315,0.346332253192837,-0.08353844137660088
c593337f,512,0.42688079469521534,0.5384061219039911,0.38041260838238866,-0.11152532720877573
c59b6c4a,512,0.2644453604484227,0.35604367719979996,0.29278921884780346,-0.09159831675137725
c66be2b8,512,0.45102653731264775,0.5356828295825515,0.4385131294691739,-0.08465629226990379
c6797dd7,512,0.24627531293481922,0.5272494369207215,0.42073618499601,-0.28097412398590227
c6b782a4,512,0.26144050485947706,0.5467853968910759,0.4563874312131764,-0.2853448920315988
c6c96179,512,0.4589484912191088,0.5074892019779942,0.434779322404694,-0.048540710758885386
c70c0e01,512,0.4058983196054731,0.4518462035775186,0.3753505209023209,-0.04594788397204547
c84c65be,512,0.3978875793602061,0.5571823871381874,0.4454394063153296,-0.15929480777798127
c8d9680c,486,0.11738365050412548,0.5755654300715289,0.3916156096101027,-0.45818177956740347
c908edd0,486,0.6083844888856093,0.6040410983700735,0.5121654799451956,0.004343390515535783
c9578d27,512,0.41265758481884174,0.6856716550712897,0.47010156674044773,-0.27301407025244795
c96c018a,481,0.28769030313018024,0.5027756893536669,0.41358349651238924,-0.21508538622348666
c99f9fae,512,0.6021772078073442,0.7993374783074828,0.6445897395751291,-0.19716027050013862
c9e6734f,512,0.35677185027936575,0.5610724993417924,0.35105484155839234,-0.20430064906242662
c9e980e8,512,0.44415662871700456,0.6126516050274259,0.46873658050841965,-0.16849497631042132
c9fedcf3,512,0.4752967293612438,0.6209596786600151,0.5299636633915735,-0.14566294929877133
cad13e8f,512,0.2343124051453792,0.6244649896408573,0.4489244169891486,-0.39015258449547807
cb34231f,512,0.2945550489280856,0.6572653804404953,0.46972722311630205,-0.3627103315124097
cb879f40,512,0.21738861758045996,0.5046356613451746,0.40230248889146264,-0.2872470437647146
cbb406b5,512,0.14478120730249558,0.3760324199646259,0.27774768406053735,-0.2312512126621303
cbe51de1,466,0.18310332828090314,0.4249655827315122,0.29044425811047525,-0.24186225445060905
cbe62450,512,0.23902331851569442,0.6187007912245132,0.41587425791134963,-0.37967747270881874
cc08aa63,512,0.6824860886524013,0.7584901533413055,0.631788949825161,-0.0760040646889042
cc8a1d57,512,0.45232396758811827,0.7842263134628376,0.5797180898002258,-0.3319023458747193
ccedb12b,512,0.497741625316676,0.6378593957660018,0.49763721969756997,-0.14011777044932583
cd7f1687,512,0.398638434158495,0.3687473907755236,0.31779247510022446,0.029891043382971383
cda7eb37,512,0.5842163044075629,0.6478005164515271,0.5364066021760732,-0.06358421204396425
cdc31d65,512,0.2341656788816056,0.4948934426319812,0.32802051066812316,-0.2607277637503756
cdc60a53,512,0.4424170951306329,0.7858025375800801,0.6740017134689918,-0.34338544244944724
ce55ba43,512,0.4506912985014837,0.520799632647033,0.480365215463153,-0.07010833414554929
ce8399b7,512,0.3656854151909711,0.579031797848848,0.47723516437358987,-0.21334638265787687
cf50c9d1,512,0.31769641918034985,0.44216438389476875,0.35144965114599097,-0.1244679647144189
d00e7eb9,512,0.053568069715304714,0.5904876622912016,0.5107732417404107,-0.5369195925758969
d011f41b,512,0.330091901439165,0.6604187280636973,0.4448358002508975,-0.3303268266245323
d07aed8f,512,0.47376584715262043,0.7471894377715584,0.5208825148099042,-0.273423590618938
d085e611,512,0.5677780309401073,0.710952603571946,0.5627954332758195,-0.14317457263183875
d0a0e7b5,512,0.46717852168283813,0.5669457350408676,0.3970901174264209,-0.09976721335802952
d0a43760,487,0.4094170389014021,0.6038712245643039,0.44432393454738633,-0.1944541856629018
d0cb63ae,512,0.49185195650876945,0.5949308596065869,0.46212211615830223,-0.10307890309781742
d114d9c2,445,0.20372552837785343,0.25749401949303546,0.1917693271669881,-0.05376849111518203
d1457cc5,507,-0.0663325649142145,0.47467348493785927,0.37421122808530316,-0.5410060498520738
d1ecf309,512,0.18170931462784376,0.3687225591764218,0.2861429566372416,-0.18701324454857807
d1ee630d,512,0.478973940495487,0.6755399690125381,0.5435664783309222,-0.19656602851705107
d217e0c5,512,0.24877082793658656,0.48194641268591554,0.35732591049521045,-0.23317558474932898
d24ff243,491,0.46967558463252845,0.7742097644123933,0.5978704716102171,-0.30453417977986486
d273674e,512,0.30333644071990706,0.46422088207128376,0.40973867994137353,-0.1608844413513767
d2f3b1ab,479,0.22635200607449013,0.7480165502653728,0.5373575917555471,-0.5216645441908827
d3df146b,488,0.3602756039290504,0.43070180795206287,0.3788984900814392,-0.07042620402301247
d40f61d5,512,0.27232890450435693,0.6355414401448805,0.4226545688315217,-0.3632125356405235
d41beaf2,512,0.26477776081274357,0.4469671872631006,0.359284384869127,-0.18218942645035702
d463e527,512,0.4644449356609556,0.6818103634369577,0.47864596680134114,-0.21736542777600204
d4f60a28,512,0.3016772648171052,0.7045336588521145,0.48034889545098486,-0.4028563940350093
d50c649a,512,0.4418049652083898,0.5120829676934338,0.4175922714088545,-0.07027800248504396
d543916f,494,0.33633704316320107,0.5511036914682562,0.42804137798853276,-0.21476664830505515
d5df0ff5,486,0.43158596734107757,0.4864648784891507,0.37253717627792016,-0.05487891114807314
d60430e6,512,0.4610865113677467,0.5874448067951747,0.4964015611323191,-0.12635829542742805
d63196fe,457,0.40914992140007156,0.5630313815137045,0.4277437985236812,-0.1538814601136329
d6c320d9,498,0.41530234369521063,0.6326044670575444,0.4651647693543434,-0.21730212336233373
d6dd7330,489,0.6894987194948549,0.798110779288288,0.6630991715368322,-0.10861205979343314
d7ba4f9d,512,0.4153444807940979,0.6675207273867095,0.5749537528820271,-0.2521762465926116
d7eb0be8,512,0.025910509579083515,0.6675924617186624,0.5378783718004142,-0.6416819521395789
d84b621b,512,0.3999950243950997,0.5508906265636964,0.442597477806836,-0.15089560216859665
d90aa14c,512,0.5269284685242495,0.7211633062120724,0.4713944116157267,-0.1942348376878229
d924e971,512,0.43276809369100233,0.47907310446303275,0.4213889008819956,-0.04630501077203042
d9ae59b2,500,0.5711564858909858,0.6435123079474121,0.5413428491986815,-0.07235582205642632
d9d6d94d,512,0.31656822132132145,0.6168474593426175,0.43407509065816385,-0.3002792380212961
d9eca87b,512,0.3084096236458138,0.44489138609081946,0.33235665354553545,-0.13648176244500565
da2d4d7c,484,0.3875500495220292,0.43889969273738527,0.3721764685371169,-0.05134964321535607
da3bfe4e,512,0.3689010725882455,0.578533895266987,0.4242930735658597,-0.20963282267874145
da3cf798,512,0.5210072306962547,0.5582271699651925,0.4723799795439443,-0.03721993926893785
da940160,512,0.5168681372707199,0.534583229844048,0.39653611797448973,-0.01771509257332815
dafc88c3,512,0.44243047272303065,0.8000952786321917,0.6471603845559301,-0.357664805909161
dbee6c86,512,0.53833921988539,0.6559551438547768,0.5383673788088679,-0.1176159239693868
dc5fbe29,450,0.1584926371946379,0.3473098500055808,0.2681498696182184,-0.18881721281094288
dc7da28f,512,0.2925403127306896,0.46424005537587726,0.37963890041969234,-0.17169974264518767
dc7f9757,512,0.40002344878414503,0.5949001936581868,0.39638784116528925,-0.19487674487404177
dd168de0,512,0.4209259602967974,0.6337329859138994,0.5275258276074453,-0.21280702561710196
dd64382d,512,0.35232119885988633,0.46837384578422936,0.3837824009731712,-0.11605264692434303
dd6bc5b2,512,0.34930905644899657,0.4782301646833349,0.3861379464859969,-0.12892110823433833
dd7d638e,512,0.41505851620842654,0.8006223641078605,0.6071926986311332,-0.38556384789943393
ddc790ff,512,0.4581578117986324,0.683396573984678,0.5021526374167352,-0.2252387621860456
df71d1ff,512,0.28423836795546814,0.47607523530388096,0.3574324540223315,-0.19183686734841282
df73b8f3,512,0.585072228506641,0.8563990994352269,0.6243562048060033,-0.2713268709285859
df8290be,512,0.3663060199650715,0.4800735888037063,0.3807486162002853,-0.11376756883863481
e0079ed1,512,0.49252999937822184,0.6430499211179508,0.5028837583143447,-0.15051992173972895
e03b45fd,512,0.16863071615012537,0.4742616434709471,0.3465223798947183,-0.30563092732082175
e0f36d98,512,0.43004325906028584,0.6573919942575144,0.48578776386339,-0.22734873519722854
e149204f,484,0.4705706131968897,0.6964622280455751,0.5233674304523517,-0.22589161484868542
e14d641e,512,0.21831193422898487,0.33673623276512954,0.24429156058091298,-0.11842429853614467
e161bd0c,512,0.3234800437825362,0.4400403829049688,0.3323813015750078,-0.11656033912243258
e201fd6d,512,0.41518536651935634,0.5165499773076239,0.3938122519099098,-0.10136461078826753
e25f1537,512,0.43001570761063246,0.4854727342276868,0.40526759788418637,-0.05545702661705432
e2fc7745,512,0.1600092602490619,0.3488596694600747,0.2408313343076849,-0.1888504092110128
e32da4ec,486,0.47578663224535184,0.6777435781274226,0.5430133979106438,-0.20195694588207075
e3b34f5b,512,0.25825442023565215,0.4981447944715579,0.38408023875831804,-0.23989037423590576
e45a2a62,512,0.2760771832158242,0.4316533642951147,0.3602116353378677,-0.1555761810792905
e46f4ef4,512,0.5515729757882741,0.6451382196426311,0.5468913176765163,-0.09356524385435694
e4726608,511,0.5478050023110886,0.6972705123193975,0.5918529675408272,-0.14946551000830888
e5864244,512,0.5084389308720667,0.5503103004643153,0.4857786229177233,-0.041871369592248575
e5c92e59,512,0.5723672559122949,0.696362218485751,0.5506504262932904,-0.1239949625734561
e5ff9fd2,512,0.6357682687335031,0.6945760428887282,0.5973031705589587,-0.05880777415522509
e6c55748,495,0.38679200983314865,0.5283936143303914,0.3670614495767208,-0.1416016044972428
e730c32b,512,0.4731037267745979,0.5746053030421843,0.4235661881806263,-0.10150157626758638
e737965a,512,0.25339598213952014,0.31409227648750443,0.26353037363709786,-0.06069629434798429
e748dd88,484,0.7664711824993156,0.7943970996615399,0.6697619004536811,-0.027925917162224367
e7818f7a,486,0.5133377637562636,0.6614275023401909,0.4972943325248784,-0.14808973858392727
e7c36e81,512,0.5368280495476003,0.534392468515775,0.4418334801590438,0.0024355810318252846
e7d0c1de,512,0.2523859890011127,0.5244950264418026,0.3438266941519302,-0.27210903744068987
e85074c5,512,0.5494071609016722,0.7665841485440941,0.6222941964604956,-0.21717698764242188
e97032ad,512,0.5368280495476003,0.5571886459393427,0.39514442632596003,-0.02036059639174237
e9949a23,512,0.8002112858024759,0.8041444841265943,0.6477379076576067,-0.003933198324118425
ea0b99b7,512,0.2021853518671834,0.38993849659550117,0.2811646366567621,-0.18775314472831778
ea3a0e38,512,0.4581105436014511,0.5392220864582147,0.42613110984931946,-0.08111154285676359
ea41324e,512,0.20549590891129232,0.4070063779898212,0.28077155271643417,-0.20151046907852888
eabc711b,512,0.31375427885420193,0.49136126429673205,0.3965202234835756,-0.17760698544253012
eac10e86,478,0.5131924539299157,0.6244182104251949,0.5718800288760291,-0.1112257564952791
eafb863e,512,0.5733123614175255,0.6805875232768486,0.48816965282039537,-0.10727516185932306
eb06a4e7,512,0.3534463342558405,0.6257541159281012,0.41651568433176656,-0.27230778167226066
eb640a35,512,0.2059824723774799,0.42563558269173607,0.357194928984829,-0.21965311031425616
eb934281,512,0.36514713607185745,0.4962741728978548,0.4227429679885039,-0.13112703682599736
eba6605e,436,0.36019683090404586,0.5519066815413479,0.4340660375231824,-0.19170985063730206
ebe69318,512,0.30517633556656815,0.41666160168899435,0.3664161675153652,-0.11148526612242621
ec0d597b,512,0.37338079459314466,0.563868402205356,0.3867280738305785,-0.19048760761221128
ec13af42,512,0.5510754218027225,0.6328537450470507,0.5208373662229414,-0.08177832324432821
ecdab904,512,0.46599493214624266,0.5684732726703092,0.48417730183114344,-0.10247834052406657
ecdaf714,512,0.318684804761614,0.5923188390842025,0.4011723665325196,-0.2736340343225885
ed6436d6,512,0.6597978387146237,0.7073835730029681,0.5875880563714554,-0.04758573428834434
ed6e6e54,445,0.6809903610984602,0.8258963847577259,0.6937257284040762,-0.14490602365926564
edf885a3,512,0.6725223174574276,0.7624257895604138,0.5981640385691984,-0.08990347210298621
ee0300f7,512,0.42854894476734734,0.5271968393979822,0.4140997353469357,-0.09864789463063489
ee288beb,512,0.26256243916872,0.7534531088020375,0.4659557685340143,-0.4908906696333175
ee4aecac,443,0.28938801753211496,0.5825621961555347,0.4153059593706984,-0.29317417862341977
eeda36f5,467,0.4004690512952979,0.6041766249176261,0.44992948597189275,-0.20370757362232822
eeed308d,512,0.18302963378670248,0.41387877534603906,0.30293549934284975,-0.23084914155933658
ef04658e,512,0.6151025978336075,0.7367374277295076,0.6141422422785745,-0.12163482989590002
ef8e3ed0,471,0.5366762410166618,0.631925091794426,0.46863230752779167,-0.09524885077776424
efde6ac3,512,0.5677780309401073,0.722250106131334,0.5382768949686279,-0.15447207519122674
efe96181,484,0.2901545483499744,0.34551055159319954,0.25860876886101203,-0.05535600324322515
f0188a48,512,0.28484816755862125,0.37237216886413615,0.24647381959035675,-0.08752400130551491
f021b650,512,0.20665895081464458,0.5585477716736859,0.4005913416722444,-0.3518888208590413
f03f10fe,512,0.48812861597371404,0.5361794822428194,0.430737625352362,-0.048050866269105375
f053a1b9,512,0.3933616807738095,0.5448317092366018,0.43670372284466025,-0.15147002846279234
f074d277,471,0.25689555806518494,0.48881631108243906,0.3881209714518847,-0.23192075301725412
f07d7037,512,0.48203673528840946,0.5441765273595766,0.45301805335871154,-0.0621397920711671
f08774c3,512,0.3475622318566786,0.5820958412317995,0.4315518629348072,-0.23453360937512086
f140c2fa,512,0.7051536170994619,0.7081645849461979,0.599987766633218,-0.0030109678467360457
f16e25e3,512,0.1939126794464883,0.5233524943713556,0.3671710848413736,-0.3294398149248673
f2d4c8c9,512,0.37356265889635354,0.47803081107287504,0.36811567466455775,-0.1044681521765215
f321a31c,471,0.4339626620964991,0.8380523180880513,0.6949503144925452,-0.40408965599155217
f40cd091,512,0.46463335554068175,0.5196336985707851,0.4372314229813748,-0.05500034303010337
f439a621,512,0.45750274099787325,0.47902195284509175,0.395900810935177,-0.0215192118472185
f49fdea3,512,0.19767849227936182,0.618947514030906,0.4525080188669089,-0.4212690217515441
f4d12d23,512,0.3977376889311419,0.5297568572101305,0.4001986095320406,-0.13201916827898863
f56d3ace,512,0.38850117301672776,0.6216436139498699,0.40579527606202376,-0.23314244093314213
f5859199,512,0.35224289257646574,0.5023684289157118,0.3981880339236938,-0.15012553633924602
f5d8aab6,512,0.3244749010842528,0.4918176208422055,0.38166890450300284,-0.16734271975795267
f631da6e,503,0.382841251378744,0.6711357208142871,0.4640806356199673,-0.2882944694355431
f6824bb0,512,0.5101282348194838,0.7030667222681156,0.47007753438980937,-0.19293848744863185
f6bc699b,512,0.42650349553688416,0.7409032946752985,0.48195074044101743,-0.3143997991384143
f6d009f4,429,0.5557545769763218,0.7416615725984305,0.5092185187235778,-0.18590699562210866
f72b268f,504,0.31757571518013106,0.42152661128319663,0.34997941203882627,-0.10395089610306557
f8662c22,509,0.2634889496872571,0.41973103928968003,0.33790800233542173,-0.15624208960242292
f88ddb26,512,0.267291315374687,0.624378308075504,0.4382121896925524,-0.357086992700817
f8afa78a,445,0.371800728786617,0.7212286114748018,0.4755243938578655,-0.34942788268818475
f8f59188,512,0.5330117556109396,0.5697050975677878,0.480432809094437,-0.03669334195684815
f9fc81aa,505,0.40916406204620015,0.5593105398079502,0.42022069889765984,-0.15014647776175005
fa16d114,414,0.229193163953723,0.6698442645970683,0.43904989906911857,-0.44065110064334523
fa31da94,512,0.48054864492117855,0.5179608534864927,0.4444324261107196,-0.03741220856531413
fa667be2,500,0.19313720498551953,0.45434014007541634,0.3440160143775907,-0.2612029350898968
fae0c593,512,0.7498537662424303,0.7183484200956642,0.5554608282939174,0.03150534614676603
fb03ae90,512,0.37683169806157485,0.5374210328400413,0.4314930802988328,-0.16058933477846643
fb0904bd,512,0.4152255142247486,0.5084094914112645,0.4356865068511908,-0.09318397718651583
fb3848a1,512,0.35140304920273113,0.6295838252763339,0.4330953502935772,-0.2781807760736028
fb73b13a,512,0.4792145647580982,0.5234351725488369,0.4337383291606081,-0.044220607790738664
fba7683c,512,0.319030802328353,0.6517954206889569,0.5025660865099468,-0.3327646183606039
fbd68d27,512,0.5122369059068406,0.7299337337469822,0.5697488647682918,-0.21769682784014166
fc03f21f,466,0.3320679323869672,0.46595380179636786,0.3412149970065292,-0.13388586940940067
fc0d20b2,451,0.3995558462046599,0.6025050995228531,0.5078161162202783,-0.20294925331819325
fcfcc902,512,0.5080990176625634,0.5771121650171331,0.41133626591122097,-0.06901314735456976
fd3b4faa,512,0.37509890219841524,0.3747708959515931,0.3083748251989283,0.0003280062468221656
fd710aea,512,0.3830947536289967,0.4309377719517768,0.32192443620784106,-0.047843018322780095
fd8f77fa,494,0.17508309364367547,0.35861803300526846,0.25944776071937253,-0.18353493936159299
fde20ecf,512,0.19331651481519221,0.41565907616327236,0.2793385706079862,-0.22234256134808014
fdfd57da,512,0.2887416117345678,0.3367772338313359,0.2843738869560027,-0.048035622096768094
febb4411,512,0.32305636414479433,0.5785459694287161,0.371493370530326,-0.25548960528392173
fef8af96,414,0.4076302181890419,0.5863025226629247,0.4526925205125678,-0.17867230447388283
ff0aea78,512,0.34823707405703797,0.6051552127726243,0.38941094995056336,-0.25691813871558633
ff8bb73a,512,0.5423675793195125,0.6003852166241727,0.4626191854300339,-0.05801763730466014
ffefef30,512,0.7059588637646932,0.822988477460167,0.6468623711647704,-0.11702961369547382
