well_id,top1_typewell,top1_corr,top2_typewell,top2_corr,top1_top2_gap,assigned_typewell_corr,assigned_typewell_rank,assigned_is_top1
000d7d20,000d7d20,0.7751006484031677,00e12e8b,0.7751006484031677,0.0,0.7751006484031677,1,True
00bbac68,2ab29395,0.8339685797691345,da2d4d7c,0.8223157525062561,0.011652827262878418,0.8110259175300598,27,False
00e12e8b,01869cd4,0.9389389157295227,389ae58f,0.9301982522010803,0.008740663528442383,0.9287785291671753,8,False
015fe0d2,2ab29395,0.8634763956069946,da2d4d7c,0.8608006238937378,0.002675771713256836,0.8574793934822083,27,False
01869cd4,000d7d20,0.7773083448410034,1d3fbf02,0.7773083448410034,0.0,0.7773083448410034,5,False
01982c1d,cb879f40,0.9359367489814758,8cc800b3,0.9354666471481323,0.00047010183334350586,0.9296069741249084,20,False
028d7b28,5b7b6324,0.9218619465827942,41fb0192,0.9196304082870483,0.0022315382957458496,0.9182626605033875,19,False
02e7fe5a,bc4381e2,0.8036077618598938,7993a768,0.8036077618598938,0.0,0.8036077618598938,10,False
0390d174,c472c0b5,0.9731026291847229,2fd68f7b,0.9731026291847229,0.0,0.9731026291847229,3,False
03a935ae,727a3a10,0.7676735520362854,03a935ae,0.7676735520362854,0.0,0.7676735520362854,2,False
044af7d1,bffe3082,0.8259674310684204,939d9c34,0.8253864645957947,0.0005809664726257324,0.8253864645957947,4,False
0498acab,1a730ac2,0.7133274674415588,3a86fe8d,0.7026055455207825,0.010721921920776367,0.6799662113189697,10,False
052d64df,516088b7,0.8673739433288574,052d64df,0.8661189079284668,0.001255035400390625,0.8661189079284668,2,False
05948241,404c4384,0.8639037013053894,9d3ec64c,0.8602217435836792,0.003681957721710205,0.8580292463302612,7,False
059c8f24,059c8f24,0.7623625993728638,a76db406,0.4366513192653656,0.32571128010749817,0.7623625993728638,1,True
05a0ee4d,bffe3082,0.7978008389472961,8612b37f,0.7834639549255371,0.014336884021759033,0.7608782052993774,12,False
060ab2b8,11d0f5ac,0.8395226001739502,9d5e14d4,0.8149424195289612,0.024580180644989014,0.8119048476219177,8,False
06df5958,42c538a1,0.6584762930870056,eba6605e,0.6327584981918335,0.02571779489517212,0.6327584981918335,7,False
071d7b45,071d7b45,0.579535722732544,4463446c,0.579535722732544,0.0,0.579535722732544,1,True
0849b4e2,12203f2a,0.8928429484367371,fde20ecf,0.892467737197876,0.000375211238861084,0.8892824053764343,5,False
084d66f9,93f5d2e6,0.7079167366027832,3407f5bf,0.7066618800163269,0.0012548565864562988,0.7012790441513062,11,False
08fecf00,5693dde2,0.8738475441932678,89f36adf,0.8715314269065857,0.002316117286682129,0.8447383046150208,12,False
09053135,8d92cb49,0.8632420301437378,5397ceb1,0.8630242943763733,0.00021773576736450195,0.8582221865653992,12,False
09441b8d,d2f3b1ab,0.8422278761863708,373ef48b,0.8422225713729858,5.304813385009766e-06,0.8379445672035217,33,False
0955cd6c,5693dde2,0.859684944152832,1e5e3573,0.855064868927002,0.004620075225830078,0.8548729419708252,7,False
09ec2ca9,8995c945,0.8048902153968811,d9ae59b2,0.8039841055870056,0.0009061098098754883,0.8026513457298279,16,False
0a57a29c,6a0ff78e,0.6610857844352722,8a89da23,0.6608505249023438,0.0002352595329284668,0.6608505249023438,30,False
0bbf5e67,0bbf5e67,0.9617504477500916,2cee0cba,0.5625441074371338,0.39920634031295776,0.9617504477500916,1,True
0be01c24,bd6f0e19,0.8950867056846619,512943b2,0.8949235677719116,0.00016313791275024414,0.8947986364364624,10,False
0c1b160c,96b7eea1,0.8229364156723022,198a5607,0.8229364156723022,0.0,0.8229364156723022,11,False
0d99f8e4,729f4217,0.6270867586135864,dafc88c3,0.6158323287963867,0.011254429817199707,0.6076737642288208,21,False
0dc5e64d,d9ae59b2,0.9154868721961975,6767c111,0.9153583645820618,0.0001285076141357422,0.9153583645820618,8,False
0dc835f3,84633df4,0.9390856623649597,cb879f40,0.9390856623649597,0.0,0.9390856623649597,14,False
0dd99dc5,41fb0192,0.6505348682403564,113011eb,0.6482763290405273,0.0022585391998291016,0.6373885273933411,11,False
0e5e560d,0dc5e64d,0.89569491147995,d9ae59b2,0.8956760168075562,1.8894672393798828e-05,0.8934143781661987,22,False
109d9d70,5693dde2,0.7964487075805664,3a0af893,0.7896814346313477,0.00676727294921875,0.7727810144424438,20,False
10a1281a,3d96d897,0.7956087589263916,87aa3730,0.7901275753974915,0.0054811835289001465,0.7720556855201721,37,False
10b89021,02e7fe5a,0.7593293190002441,ecdab904,0.7593293190002441,0.0,0.7593293190002441,4,False
10be2420,9af1ffd0,0.9388311505317688,10be2420,0.938825786113739,5.364418029785156e-06,0.938825786113739,2,False
113011eb,9d4272e3,0.7223742008209229,4b831d20,0.7223742008209229,0.0,0.7223742008209229,21,False
1131525f,42c538a1,0.6370883584022522,14ab73fb,0.6258640885353088,0.01122426986694336,0.6258640885353088,6,False
11d0f5ac,44a94013,0.7461777925491333,11d0f5ac,0.7459638714790344,0.00021392107009887695,0.7459638714790344,2,False
12203f2a,347242c8,0.8450584411621094,12203f2a,0.8449921607971191,6.628036499023438e-05,0.8449921607971191,2,False
122bd617,05948241,0.9185303449630737,398dce4b,0.9184364676475525,9.387731552124023e-05,0.9171836972236633,9,False
125be846,1a730ac2,0.6989896297454834,9c350a6a,0.6599375605583191,0.03905206918716431,0.6599375605583191,8,False
1285a37b,5f75f796,0.8271963000297546,94d813a4,0.8269744515419006,0.0002218484878540039,0.8263152837753296,9,False
1295a25b,1d3fbf02,0.7163379788398743,a056d01e,0.710688054561615,0.005649924278259277,0.710688054561615,11,False
12f0cd90,9e3e364d,0.8340210914611816,9da441ba,0.8327457308769226,0.0012753605842590332,0.8289970755577087,26,False
137d1e44,94d813a4,0.7013536095619202,5f75f796,0.701219916343689,0.00013369321823120117,0.6980171203613281,7,False
13ce113d,87aa3730,0.8062520623207092,5def1ce5,0.8054980039596558,0.0007540583610534668,0.7865996956825256,49,False
13f598d9,5b7b6324,0.8509969115257263,276b012a,0.846981942653656,0.0040149688720703125,0.8432307243347168,11,False
14a53cb3,b4f37e6e,0.8560537695884705,77e4821c,0.8560201525688171,3.361701965332031e-05,0.8181511163711548,19,False
14ab73fb,368fe682,0.7094560265541077,eba6605e,0.7093225717544556,0.0001334547996520996,0.7093225717544556,3,False
14ad5efb,bd6f0e19,0.8706961870193481,cbb406b5,0.8706961870193481,0.0,0.8706961870193481,25,False
14fee784,8cc800b3,0.8247710466384888,6ea22614,0.8247710466384888,0.0,0.8247710466384888,25,False
153552f5,2ab29395,0.9122920632362366,da2d4d7c,0.9087544083595276,0.0035376548767089844,0.8801948428153992,34,False
1550491d,c1d046f4,0.8406264781951904,bd6f0e19,0.8398405909538269,0.0007858872413635254,0.8398405909538269,13,False
155887bb,2ab29395,0.7652052044868469,6e6d122c,0.7579199075698853,0.00728529691696167,0.7515460848808289,13,False
1590af81,cd7f1687,0.8473156094551086,1619e2ca,0.8473156094551086,0.0,0.8473156094551086,20,False
15e154a1,e3b34f5b,0.9583914875984192,f6bc699b,0.9583665132522583,2.4974346160888672e-05,0.9582226276397705,7,False
1619e2ca,8d92cb49,0.8261631727218628,1590af81,0.8257501125335693,0.00041306018829345703,0.8236396312713623,13,False
16e4a047,9d072e4c,0.7710667848587036,89fdb2f2,0.7671781778335571,0.0038886070251464844,0.7451773285865784,22,False
173ed841,70925e23,0.43137580156326294,1285a37b,0.43137580156326294,0.0,0.43137580156326294,7,False
1770d7c6,5b7b6324,0.709468424320221,1770d7c6,0.70853191614151,0.0009365081787109375,0.70853191614151,2,False
177622d7,2ab29395,0.8520653247833252,da2d4d7c,0.8485211133956909,0.0035442113876342773,0.8309670686721802,39,False
18d24f7b,d6c320d9,0.8197130560874939,203721ab,0.8197121024131775,9.5367431640625e-07,0.8186521530151367,36,False
19137a89,9719aa04,0.853066086769104,d9ae59b2,0.853066086769104,0.0,0.853066086769104,26,False
1944513c,12f0cd90,0.8290945887565613,14ad5efb,0.8290764093399048,1.817941665649414e-05,0.825857400894165,11,False
197f8a5a,a7fc3e6b,0.5193502902984619,bcebcc5f,0.5188171863555908,0.0005331039428710938,0.34099894762039185,209,False
19871e7f,41fb0192,0.7917931079864502,5b7b6324,0.7908130884170532,0.0009800195693969727,0.7874053120613098,10,False
198a5607,b0d42b0d,0.9169465899467468,0c1b160c,0.9168541431427002,9.244680404663086e-05,0.8923894762992859,11,False
19fb4f7b,27300fd5,0.8534721732139587,19fb4f7b,0.8491361141204834,0.004336059093475342,0.8491361141204834,2,False
1a518997,3d96d897,0.7341555953025818,87aa3730,0.7298102974891663,0.004345297813415527,0.7223104238510132,22,False
1a68190b,9ae248be,0.8509564399719238,1fdbba44,0.8373532891273499,0.013603150844573975,0.7681365609169006,10,False
1a730ac2,5beded95,0.789633572101593,206b6193,0.789633572101593,0.0,0.789633572101593,9,False
1aaf1da0,bffe3082,0.8150383234024048,8612b37f,0.8074936866760254,0.0075446367263793945,0.7973573803901672,21,False
1b08ed48,ae0784a8,0.8536151647567749,b7974e66,0.851684033870697,0.0019311308860778809,0.8480591177940369,4,False
1b1c5372,944f36b9,0.8560694456100464,9a6b0392,0.8481371402740479,0.007932305335998535,0.8481371402740479,10,False
1b1eba53,03a935ae,0.8259814977645874,a8ed028a,0.8194035887718201,0.006577908992767334,0.7708337903022766,5,False
1b6ba517,9ffce529,0.6239261627197266,5254b6db,0.6193424463272095,0.00458371639251709,0.6192305684089661,6,False
1b82b665,944f36b9,0.6129316687583923,ae8959c3,0.6014940738677979,0.011437594890594482,0.6014940738677979,3,False
1bcb2fcf,be35c8f2,0.6873069405555725,e46f4ef4,0.6873069405555725,0.0,0.6873069405555725,9,False
1beca81d,5aa03df7,0.9185986518859863,1beca81d,0.9185986518859863,0.0,0.9185986518859863,2,False
1d3fbf02,000d7d20,0.7980818748474121,00e12e8b,0.7980818748474121,0.0,0.7980818748474121,4,False
1d78281a,e03b45fd,0.8307160139083862,a6b8ac67,0.8305503129959106,0.00016570091247558594,0.8255447149276733,6,False
1e30dedf,944f36b9,0.9464225769042969,1b1c5372,0.9444823861122131,0.0019401907920837402,0.9440426826477051,3,False
1e5e3573,5693dde2,0.8219467997550964,201661b5,0.8181036114692688,0.0038431882858276367,0.8181036114692688,9,False
1f9afacb,9d072e4c,0.8667312860488892,89fdb2f2,0.8644376993179321,0.0022935867309570312,0.8573050498962402,13,False
1fdbba44,ffefef30,0.6898403167724609,1a68190b,0.6898403167724609,0.0,0.6898403167724609,11,False
1fee2b62,113011eb,0.7104505896568298,5b7b6324,0.7098100781440735,0.0006405115127563477,0.6918889880180359,13,False
20096916,a87433c9,0.6926841735839844,bffe3082,0.6831801533699036,0.00950402021408081,0.6299878358840942,25,False
200d233d,7bb17b96,0.7964935898780823,ed6e6e54,0.7956832647323608,0.0008103251457214355,0.7946695685386658,6,False
201661b5,7987f2f2,0.7940111756324768,2e29e833,0.7932378649711609,0.000773310661315918,0.7928360104560852,4,False
203721ab,729f4217,0.8291720747947693,dafc88c3,0.8014463782310486,0.027725696563720703,0.790401041507721,24,False
20402d71,729e9750,0.7205743789672852,f2d4c8c9,0.718001663684845,0.0025727152824401855,0.7031517624855042,16,False
2043abc5,9c350a6a,0.8133963346481323,47ee27ab,0.8133963346481323,0.0,0.8133963346481323,4,False
204cc64b,5f75f796,0.8027203679084778,70925e23,0.8024911880493164,0.00022917985916137695,0.8024911880493164,3,False
206b6193,3a86fe8d,0.9080925583839417,1a730ac2,0.9011783599853516,0.006914198398590088,0.8896660804748535,19,False
2075c696,3d96d897,0.7842544913291931,87aa3730,0.7738509178161621,0.010403573513031006,0.7417993545532227,28,False
22c5f93f,bffe3082,0.7319632768630981,8612b37f,0.707814633846283,0.024148643016815186,0.6795415878295898,18,False
230eaaa3,1a730ac2,0.7956026792526245,3a86fe8d,0.7814763784408569,0.014126300811767578,0.7329444885253906,20,False
2364716c,e0079ed1,0.8712186217308044,35b30c7f,0.8707806468009949,0.0004379749298095703,0.8568641543388367,14,False
23b9beb0,1590af81,0.8013498783111572,8d92cb49,0.7962964177131653,0.005053460597991943,0.7894987463951111,15,False
24d8997e,77e4821c,0.9050917029380798,b4f37e6e,0.9034724831581116,0.0016192197799682617,0.8186444044113159,12,False
25050f63,df71d1ff,0.8535639047622681,c50b42f6,0.8498325347900391,0.003731369972229004,0.8498325347900391,9,False
25939962,6e6d122c,0.747734010219574,2f19d536,0.7463226318359375,0.0014113783836364746,0.7395021915435791,12,False
25fd32b3,77e4821c,0.8188047409057617,b4d8dd4f,0.818659782409668,0.00014495849609375,0.818659782409668,15,False
261785ee,60e37807,0.9386663436889648,45fb3e21,0.9386345744132996,3.17692756652832e-05,0.9371941089630127,8,False
264feceb,3d96d897,0.8045626878738403,87aa3730,0.8011849522590637,0.0033777356147766113,0.7853107452392578,45,False
26623a50,c8d9680c,0.7903890609741211,12f0cd90,0.7875959277153015,0.00279313325881958,0.7638803124427795,16,False
26d3a96a,94d813a4,0.9323822855949402,5f75f796,0.9321308135986328,0.00025147199630737305,0.9258290529251099,12,False
272abef3,3a86fe8d,0.9099177718162537,125be846,0.9096722602844238,0.000245511531829834,0.9094744920730591,17,False
27300fd5,67a8da4a,0.8875187039375305,26d3a96a,0.8859425783157349,0.0015761256217956543,0.8811390995979309,11,False
276b012a,a48640d9,0.7913986444473267,c70c0e01,0.7913986444473267,0.0,0.7913986444473267,16,False
27c3155b,cb34231f,0.872385561466217,7850c72e,0.8714308738708496,0.0009546875953674316,0.8689833283424377,7,False
27ebb9b9,d63196fe,0.876541793346405,9314ff13,0.8677620887756348,0.008779704570770264,0.8563311696052551,8,False
283269ac,1a730ac2,0.9002081751823425,3a86fe8d,0.8779707551002502,0.022237420082092285,0.8642779588699341,19,False
28473855,a7fc3e6b,0.8297643065452576,bcebcc5f,0.8297431468963623,2.1159648895263672e-05,0.814116895198822,14,False
28f4eda9,f2d4c8c9,0.8099056482315063,d9eca87b,0.8099056482315063,0.0,0.8099056482315063,11,False
29b24409,729f4217,0.6769652962684631,85380836,0.6639067530632019,0.01305854320526123,0.6639067530632019,67,False
29de15c8,a0e92ed6,0.8611339330673218,69e41fa6,0.8608217835426331,0.0003121495246887207,0.837376058101654,14,False
2ab29395,c47e0767,0.6467702388763428,177622d7,0.6467702388763428,0.0,0.6467702388763428,11,False
2ac7cb6b,d0a0e7b5,0.9125897884368896,796dbd4c,0.9119563102722168,0.0006334781646728516,0.9119563102722168,9,False
2acc78d4,a87433c9,0.7973798513412476,bffe3082,0.7633217573165894,0.0340580940246582,0.7309273481369019,17,False
2b034622,a85e4bc3,0.7767293453216553,c84c65be,0.7753997445106506,0.0013296008110046387,0.7753997445106506,7,False
2b06ad65,a0e92ed6,0.856400728225708,69e41fa6,0.8558144569396973,0.0005862712860107422,0.8396769165992737,13,False
2b547943,2ab29395,0.8515864610671997,ba48188d,0.8435758352279663,0.008010625839233398,0.8395334482192993,7,False
2be5c96a,bffe3082,0.8882530927658081,a87433c9,0.8854244351387024,0.002828657627105713,0.8782945275306702,22,False
2bff06cf,93f5d2e6,0.7705429792404175,a08d9e63,0.7492775321006775,0.02126544713973999,0.7400089502334595,17,False
2c0c4a4e,e3b34f5b,0.9187670946121216,a7fc3e6b,0.9178494215011597,0.0009176731109619141,0.9165021777153015,13,False
2cee0cba,2cee0cba,0.9531382322311401,a7744f5b,0.6512681841850281,0.30187004804611206,0.9531382322311401,1,True
2d0c268a,bd6f0e19,0.9474821090698242,c2717d4f,0.9473515748977661,0.00013053417205810547,0.9473515748977661,9,False
2d179ded,2d179ded,0.832122266292572,7ff89f8f,0.832122266292572,0.0,0.832122266292572,1,True
2d196986,25fd32b3,0.8507921695709229,7acda2df,0.8432624936103821,0.0075296759605407715,0.8206694722175598,21,False
2d2d0c6b,77e4821c,0.7478412985801697,b4f37e6e,0.7429909706115723,0.004850327968597412,0.7105590105056763,17,False
2d35f86d,bffe3082,0.6833580136299133,a87433c9,0.6513720154762268,0.03198599815368652,0.6137059926986694,8,False
2d9f6cb9,df73b8f3,0.8157839179039001,3b21ea64,0.8157839179039001,0.0,0.8157839179039001,16,False
2ddad940,347242c8,0.7854337692260742,4c3168cf,0.7843312621116638,0.0011025071144104004,0.7335007190704346,16,False
2e29e833,5693dde2,0.8300552368164062,fa31da94,0.819779634475708,0.010275602340698242,0.8192524909973145,13,False
2e43c2ea,25fd32b3,0.724942147731781,b4f37e6e,0.7231931686401367,0.0017489790916442871,0.719574511051178,22,False
2e63d9de,1bcb2fcf,0.898095428943634,3e678ea7,0.8960935473442078,0.0020018815994262695,0.8949918746948242,4,False
2ee0235b,87aa3730,0.8464812636375427,5def1ce5,0.8464078903198242,7.337331771850586e-05,0.8371322751045227,34,False
2f19d536,2ab29395,0.6467218995094299,015fe0d2,0.6350221633911133,0.01169973611831665,0.6347023248672485,14,False
2f8e53c3,7bb17b96,0.7869967818260193,ed6e6e54,0.7842575311660767,0.002739250659942627,0.7695589661598206,11,False
2fa01aa6,7a5660b0,0.7806299924850464,a6f967fb,0.7806299924850464,0.0,0.7806299924850464,7,False
2fd68f7b,0390d174,0.9083495140075684,76201745,0.9082282185554504,0.00012129545211791992,0.9079965353012085,6,False
2fe023be,5397ceb1,0.8370416760444641,a4719920,0.8343586921691895,0.002682983875274658,0.825059711933136,14,False
30d75030,3aaa2b30,0.8420428037643433,796dbd4c,0.8406707048416138,0.0013720989227294922,0.8406707048416138,13,False
310c71a5,4654e7de,0.8824487924575806,75cd5f11,0.8824388384819031,9.953975677490234e-06,0.8770970106124878,36,False
32fe84c9,1b08ed48,0.7844693660736084,ae0784a8,0.7788946628570557,0.005574703216552734,0.7729319930076599,8,False
33c40295,8d92cb49,0.8714146018028259,5397ceb1,0.8704814314842224,0.0009331703186035156,0.8625922203063965,15,False
3407f5bf,a08d9e63,0.8938121199607849,43e16325,0.8937997221946716,1.239776611328125e-05,0.8937997221946716,9,False
3417285d,3417285d,0.8655021786689758,10b89021,0.8655021786689758,0.0,0.8655021786689758,1,True
347242c8,a0e92ed6,0.7960274815559387,69e41fa6,0.7954525947570801,0.0005748867988586426,0.7739822268486023,12,False
353e5502,353e5502,0.8450446128845215,0c1b160c,0.5561946630477905,0.28884994983673096,0.8450446128845215,1,True
357c12f9,a76db406,0.9309371113777161,efe96181,0.9308770298957825,6.008148193359375e-05,0.9296270608901978,5,False
3584a6eb,6e6d122c,0.7804064154624939,2f19d536,0.7788909077644348,0.001515507698059082,0.7721744179725647,14,False
35b30c7f,e3b34f5b,0.8214961290359497,15e154a1,0.8214961290359497,0.0,0.8214961290359497,4,False
35b3ef6a,a2e8e7f6,0.8837279677391052,8b95d6d1,0.8837279677391052,0.0,0.8811161518096924,5,False
367456ce,30d75030,0.9074791073799133,8cc800b3,0.9069395661354065,0.0005395412445068359,0.9050800800323486,21,False
368131f9,2d35f86d,0.7959029674530029,8b12bab6,0.7959029674530029,0.0,0.7959029674530029,4,False
368fe682,42c538a1,0.6611971855163574,8a9c8932,0.6491605043411255,0.012036681175231934,0.6491045951843262,5,False
3690a146,8bb9c1e6,0.9228613972663879,09441b8d,0.9227944612503052,6.693601608276367e-05,0.9227944612503052,13,False
37344c2a,93f5d2e6,0.8623661398887634,3407f5bf,0.85838782787323,0.003978312015533447,0.8499991297721863,9,False
373ef48b,729f4217,0.800523042678833,dafc88c3,0.7969250679016113,0.0035979747772216797,0.7910628914833069,8,False
374be387,bd2c2f34,0.8619173169136047,7ff89f8f,0.8457852005958557,0.016132116317749023,0.8457852005958557,3,False
37d36812,2ab29395,0.8096771836280823,8b9d8326,0.8065594434738159,0.0031177401542663574,0.8062291145324707,8,False
38991fd4,463c38f2,0.9019514322280884,9efc812e,0.8990864753723145,0.0028649568557739258,0.8981974720954895,13,False
389ae58f,347242c8,0.7808229327201843,4c3168cf,0.7645947337150574,0.016228199005126953,0.6996911764144897,10,False
3932faa6,9314ff13,0.8369373679161072,cc8a1d57,0.8365114331245422,0.0004259347915649414,0.8333116769790649,10,False
398dce4b,05948241,0.9393434524536133,74b6186b,0.9393356442451477,7.808208465576172e-06,0.9393356442451477,3,False
39b51819,93f5d2e6,0.7721924185752869,a08d9e63,0.7192991375923157,0.05289328098297119,0.7106334567070007,19,False
3a0af893,5693dde2,0.5432218909263611,e5c92e59,0.5412219762802124,0.0019999146461486816,0.5412219762802124,5,False
3a223519,1fdbba44,0.8517243266105652,9ae248be,0.8490874171257019,0.0026369094848632812,0.8064919114112854,9,False
3a7dd95d,3a7dd95d,0.8123522996902466,1285a37b,0.3060348629951477,0.5063174366950989,0.8123522996902466,1,True
3a824aa7,2ab29395,0.8350309133529663,ba48188d,0.8296880125999451,0.00534290075302124,0.8179232478141785,13,False
3a86fe8d,726f3dc2,0.8971437215805054,47ee27ab,0.8971437215805054,0.0,0.8971437215805054,15,False
3aaa2b30,cb879f40,0.8690651655197144,367456ce,0.8690651655197144,0.0,0.8690651655197144,5,False
3ac16ad0,729e9750,0.8480378985404968,df71d1ff,0.8469876646995544,0.0010502338409423828,0.8389341235160828,9,False
3b21ea64,5b7b6324,0.8665973544120789,df73b8f3,0.8664101958274841,0.00018715858459472656,0.8659932017326355,8,False
3bbe1f5d,87aa3730,0.746289074420929,d2f3b1ab,0.7462641596794128,2.491474151611328e-05,0.7415626645088196,39,False
3bfee975,2ab29395,0.759186863899231,2f19d536,0.7538126707077026,0.00537419319152832,0.7496634721755981,9,False
3c3dbcbc,bffe3082,0.858881413936615,8612b37f,0.8553304672241211,0.0035509467124938965,0.8442028760910034,21,False
3d96d897,dafc88c3,0.8184682726860046,0a57a29c,0.8132951259613037,0.005173146724700928,0.805761456489563,52,False
3df4b19e,593876b6,0.8506644368171692,c908edd0,0.8505427241325378,0.00012171268463134766,0.8472355604171753,21,False
3e011332,23b9beb0,0.8657277822494507,a4719920,0.865308940410614,0.0004188418388366699,0.8607451915740967,12,False
3e678ea7,1bcb2fcf,0.7963611483573914,ac6f01d5,0.7868977189064026,0.00946342945098877,0.7868977189064026,10,False
3ef6372a,1a730ac2,0.8730044364929199,3a86fe8d,0.8468270897865295,0.02617734670639038,0.8232786655426025,22,False
3ef98781,a0e92ed6,0.6613603830337524,69e41fa6,0.6606205105781555,0.0007398724555969238,0.6415532231330872,10,False
3f603129,a5aa7973,0.8236871957778931,8995c945,0.8236871957778931,0.0,0.8236871957778931,20,False
404c4384,10be2420,0.8202273845672607,dd64382d,0.8202273845672607,0.0,0.8202273845672607,12,False
4121c517,529e88ca,0.8846234679222107,708caea9,0.8843690156936646,0.0002544522285461426,0.8831196427345276,9,False
41fb0192,113011eb,0.7210229635238647,2d9f6cb9,0.7146755456924438,0.0063474178314208984,0.713013768196106,10,False
42669188,01869cd4,0.957646906375885,1d3fbf02,0.9556416273117065,0.002005279064178467,0.9493306279182434,4,False
42c538a1,eba6605e,0.8396130204200745,368fe682,0.8396130204200745,0.0,0.8396130204200745,3,False
43b06c70,bffe3082,0.8694294691085815,8612b37f,0.8577221035957336,0.0117073655128479,0.8557161092758179,22,False
43c7f85a,d114d9c2,0.7374523282051086,e149204f,0.7353097200393677,0.002142608165740967,0.735130786895752,19,False
43e16325,5542c301,0.9100421071052551,43e16325,0.9082185626029968,0.0018235445022583008,0.9082185626029968,2,False
44441e54,5a1a8fd8,0.6197165250778198,d924e971,0.6197165250778198,0.0,0.6197165250778198,4,False
445af6c2,f9fc81aa,0.8900365829467773,d6c320d9,0.889939546585083,9.703636169433594e-05,0.8835487961769104,48,False
4463446c,4463446c,0.6712920069694519,071d7b45,0.6712920069694519,0.0,0.6712920069694519,1,True
44a94013,9d5e14d4,0.8064897656440735,ec0d597b,0.8064897656440735,0.0,0.8064897656440735,6,False
45fb3e21,a4719920,0.7871075868606567,5397ceb1,0.7870145440101624,9.304285049438477e-05,0.7756192684173584,15,False
460f859e,77e4821c,0.7550378441810608,b4f37e6e,0.7516720294952393,0.003365814685821533,0.7307262420654297,29,False
4630ab92,7bb17b96,0.8598370552062988,7b38844c,0.8590059280395508,0.0008311271667480469,0.8419960737228394,18,False
463c38f2,d0a43760,0.8929658532142639,ff8bb73a,0.8929658532142639,0.0,0.8929658532142639,14,False
4654e7de,d84b621b,0.878803551197052,764072a5,0.878803551197052,0.0,0.878803551197052,29,False
466fc788,89fdb2f2,0.9018759727478027,9d072e4c,0.9015895128250122,0.00028645992279052734,0.9014997482299805,5,False
46a301e9,54a7e3c2,0.949379563331604,f631da6e,0.9484174251556396,0.0009621381759643555,0.9298062324523926,10,False
46a7190b,58850d2c,0.5860474705696106,1bcb2fcf,0.5860474705696106,0.0,0.5860474705696106,11,False
46d24a09,1fdbba44,0.8230743408203125,9ae248be,0.8123522996902466,0.010722041130065918,0.7679365277290344,6,False
46d41ff6,b7974e66,0.7813497185707092,eb934281,0.7813497185707092,0.0,0.7813497185707092,3,False
46dfcfca,be35c8f2,0.6456441283226013,1bcb2fcf,0.6456441283226013,0.0,0.6456441283226013,12,False
47222616,2ab29395,0.8269712328910828,da2d4d7c,0.8222947716712952,0.004676461219787598,0.8186222910881042,16,False
47ee27ab,1a730ac2,0.8999466300010681,3a86fe8d,0.8871680498123169,0.01277858018875122,0.8717371225357056,9,False
481de5fc,d63196fe,0.7858346700668335,9314ff13,0.7811204195022583,0.004714250564575195,0.7736701965332031,14,False
48c1f673,1e30dedf,0.8719086647033691,48c1f673,0.8669706583023071,0.004938006401062012,0.8669706583023071,2,False
4936af16,3aaa2b30,0.8681448101997375,796dbd4c,0.8660339713096619,0.0021108388900756836,0.8660339713096619,18,False
493b5b31,57f05c51,0.9251997470855713,27c3155b,0.9249659776687622,0.00023376941680908203,0.920872688293457,4,False
49dbc14c,b4d8dd4f,0.5269758701324463,a85bb86f,0.5269758701324463,0.0,0.5269758701324463,9,False
4a035ec2,c70c0e01,0.73953777551651,028d7b28,0.7392563223838806,0.00028145313262939453,0.7381079792976379,15,False
4a335117,e7c36e81,0.7826075553894043,a85bb86f,0.7821322083473206,0.00047534704208374023,0.7673345804214478,4,False
4a8ecc0b,d50c649a,0.8045481443405151,93209a3d,0.8037887215614319,0.000759422779083252,0.7795534729957581,21,False
4b462989,a08d9e63,0.9456613063812256,3407f5bf,0.9452741742134094,0.0003871321678161621,0.9426425099372864,15,False
4b831d20,4b831d20,0.5978839993476868,41fb0192,0.5884984135627747,0.00938558578491211,0.5978839993476868,1,True
4c2208f5,03a935ae,0.8426288962364197,a8ed028a,0.8395286798477173,0.0031002163887023926,0.8322467803955078,6,False
4c3168cf,2b06ad65,0.8493530750274658,a0e92ed6,0.8484017848968506,0.0009512901306152344,0.821707546710968,13,False
4c3df468,f8afa78a,0.7055478096008301,82fcf37c,0.7005481123924255,0.004999697208404541,0.6915985345840454,9,False
4caa7289,dafc88c3,0.7975879311561584,eeed308d,0.7897752523422241,0.007812678813934326,0.7897752523422241,4,False
4cd1ac61,a87433c9,0.8716650009155273,bffe3082,0.8579540848731995,0.01371091604232788,0.8335508704185486,15,False
4cecf7b3,9426ec1e,0.7699406743049622,7bb17b96,0.7696669697761536,0.00027370452880859375,0.768498957157135,26,False
4ddde4c1,fb73b13a,0.9505937099456787,f6d009f4,0.9505937099456787,0.0,0.9505937099456787,3,False
4e050c92,9426ec1e,0.7691813111305237,44441e54,0.7691439390182495,3.737211227416992e-05,0.767932116985321,15,False
4ed93db6,bd6f0e19,0.8226259350776672,992c99e8,0.8222478032112122,0.0003781318664550781,0.8218791484832764,14,False
4f3eb9e9,861e71df,0.8452776074409485,b977be4a,0.8452776074409485,0.0,0.8452776074409485,17,False
4f4ac5ce,4f4ac5ce,0.9055128693580627,fa16d114,0.5552085041999817,0.35030436515808105,0.9055128693580627,1,True
4f4afcc6,d2f3b1ab,0.8664200305938721,cdc60a53,0.8663960695266724,2.396106719970703e-05,0.8663960695266724,28,False
4f69febf,98bc6f66,0.9336447715759277,3ac16ad0,0.9323627948760986,0.0012819766998291016,0.9040696024894714,10,False
4fbe9c06,884ecb5f,0.7135016918182373,4fbe9c06,0.7135016918182373,0.0,0.7135016918182373,2,False
504c8b08,77e4821c,0.8324458599090576,b4f37e6e,0.831549346446991,0.0008965134620666504,0.7683287858963013,23,False
511e1db0,463c38f2,0.8915804624557495,ff8bb73a,0.8768102526664734,0.014770209789276123,0.8768102526664734,6,False
512943b2,9e3e364d,0.877825140953064,14ad5efb,0.8734753131866455,0.004349827766418457,0.8714265823364258,18,False
5138a660,699ea575,0.7228045463562012,44441e54,0.7228045463562012,0.0,0.7228045463562012,20,False
516088b7,1a730ac2,0.8333213329315186,3a86fe8d,0.8197697401046753,0.013551592826843262,0.8042888045310974,11,False
521a7819,373ef48b,0.8390111327171326,d2f3b1ab,0.8390092253684998,1.9073486328125e-06,0.8296797275543213,49,False
5254b6db,6a8fa194,0.7395537495613098,58fa8486,0.7384536862373352,0.0011000633239746094,0.7378919124603271,17,False
529e88ca,656a067b,0.9303823709487915,4ddde4c1,0.9303823709487915,0.0,0.9303823709487915,3,False
52f1e77a,95b559e7,0.7826130390167236,3ef98781,0.7826130390167236,0.0,0.7826130390167236,6,False
5305524b,44a94013,0.5046089291572571,11d0f5ac,0.5046089291572571,0.0,0.5046089291572571,3,False
53134831,5693dde2,0.7795218229293823,fa31da94,0.7587679624557495,0.020753860473632812,0.7579026222229004,12,False
5397ceb1,8d92cb49,0.799709141254425,cd7f1687,0.7975970506668091,0.002112090587615967,0.7975970506668091,10,False
53f23031,8d92cb49,0.8757151365280151,a4719920,0.8676567673683167,0.008058369159698486,0.8638566732406616,10,False
543198e8,93f5d2e6,0.8062059879302979,3407f5bf,0.7629618048667908,0.04324418306350708,0.7484731078147888,14,False
54753541,a783cc24,0.8118482232093811,8c167025,0.8104047775268555,0.0014434456825256348,0.8104047775268555,18,False
54a7e3c2,0c1b160c,0.8501888513565063,b0d42b0d,0.8499318361282349,0.0002570152282714844,0.8434720039367676,8,False
5542c301,a08d9e63,0.8807671666145325,3407f5bf,0.8807119727134705,5.519390106201172e-05,0.8764499425888062,11,False
5567d551,3a86fe8d,0.8705501556396484,125be846,0.870399534702301,0.0001506209373474121,0.8702243566513062,15,False
55efee7f,463c38f2,0.7395287752151489,591cc951,0.7061070203781128,0.03342175483703613,0.7061070203781128,9,False
5663b2b7,9314ff13,0.8525018095970154,cc8a1d57,0.8490908145904541,0.0034109950065612793,0.8437236547470093,10,False
5693dde2,1e5e3573,0.39008012413978577,5693dde2,0.39008012413978577,0.0,0.39008012413978577,2,False
56b00794,084d66f9,0.5632984638214111,93f5d2e6,0.5632984638214111,0.0,0.5632984638214111,5,False
57796579,cf50c9d1,0.8951314687728882,d41beaf2,0.8947420716285706,0.00038939714431762695,0.8945785760879517,9,False
577eec7c,a85e4bc3,0.9031720161437988,2b034622,0.9013250470161438,0.0018469691276550293,0.9010179042816162,6,False
57f05c51,493b5b31,0.905332624912262,98177ced,0.905332624912262,0.0,0.905332624912262,4,False
58850d2c,3e678ea7,0.5548632740974426,46dfcfca,0.5543136596679688,0.000549614429473877,0.5499992370605469,9,False
58fa8486,9314ff13,0.7977455258369446,cc8a1d57,0.7962818741798401,0.0014636516571044922,0.7938703894615173,6,False
591cc951,463c38f2,0.9030597805976868,9efc812e,0.9017834067344666,0.0012763738632202148,0.9014054536819458,15,False
593876b6,9e3e364d,0.8408126831054688,9da441ba,0.8395422697067261,0.0012704133987426758,0.832906186580658,10,False
59f8b2e8,6d6d93af,0.7803022861480713,9a95e33f,0.7751317024230957,0.005170583724975586,0.7751317024230957,5,False
5a1a8fd8,7bb17b96,0.7944954633712769,9d072e4c,0.7914972901344299,0.002998173236846924,0.7769490480422974,26,False
5a5269a9,c8d9680c,0.8122228980064392,12f0cd90,0.8030011653900146,0.00922173261642456,0.8015080094337463,37,False
5a5d1982,a0383629,0.8570246696472168,df8290be,0.8570246696472168,0.0,0.8570246696472168,39,False
5a63b5d1,59f8b2e8,0.6486379504203796,9a95e33f,0.6436256170272827,0.005012333393096924,0.6436256170272827,6,False
5aa03df7,1beca81d,0.8811730146408081,c1708b88,0.8790873885154724,0.0020856261253356934,0.8725401759147644,3,False
5aa403d0,a08d9e63,0.9299356937408447,e85074c5,0.92951500415802,0.00042068958282470703,0.9275259971618652,12,False
5aef5c6c,5aef5c6c,0.783024251461029,c8d9680c,0.7492129802703857,0.03381127119064331,0.783024251461029,1,True
5b7b6324,113011eb,0.8885608911514282,41fb0192,0.888198971748352,0.0003619194030761719,0.8852958679199219,5,False
5bd25f59,5bd25f59,0.9528315663337708,ae8959c3,0.9528315663337708,0.0,0.9528315663337708,1,True
5beded95,1a730ac2,0.7590341567993164,3a86fe8d,0.7225827574729919,0.03645139932632446,0.674307107925415,32,False
5cb483ac,7b38844c,0.8788133859634399,ed6e6e54,0.8788133859634399,0.0,0.8786925673484802,11,False
5cdd8dbc,77e4821c,0.7779861092567444,b4f37e6e,0.7712818384170532,0.006704270839691162,0.7077916264533997,17,False
5d11dfb5,9dede370,0.8369526267051697,82aab6d2,0.8369526267051697,0.0,0.8369526267051697,4,False
5d7198fd,5693dde2,0.8341035842895508,08fecf00,0.8341035842895508,0.0,0.8341035842895508,5,False
5def1ce5,6a0ff78e,0.7663591504096985,b19b0395,0.7663277387619019,3.141164779663086e-05,0.7490177750587463,57,False
5eae34a8,5eae34a8,0.918634295463562,511e1db0,0.4825062155723572,0.43612807989120483,0.918634295463562,1,True
5f4d2a52,14fee784,0.8576178550720215,3aaa2b30,0.8526550531387329,0.004962801933288574,0.8157823085784912,19,False
5f6756c5,5693dde2,0.7910630106925964,5f6756c5,0.781283974647522,0.009779036045074463,0.781283974647522,2,False
5f75f796,173ed841,0.795587956905365,ccedb12b,0.794552743434906,0.0010352134704589844,0.794552743434906,7,False
5fb1c15f,a08d9e63,0.8513091802597046,3407f5bf,0.8512359857559204,7.319450378417969e-05,0.8424419164657593,11,False
5fffa282,272abef3,0.9278565049171448,125be846,0.9274842739105225,0.00037223100662231445,0.923265814781189,17,False
60e37807,5397ceb1,0.8068003058433533,a4719920,0.8039752840995789,0.002825021743774414,0.7918816804885864,11,False
61f27424,82aab6d2,0.9268132448196411,9dede370,0.92625892162323,0.0005543231964111328,0.9243820309638977,4,False
62569ae3,4c3168cf,0.8970308899879456,12203f2a,0.8968555331230164,0.00017535686492919922,0.8968555331230164,5,False
62a6f539,77e4821c,0.7896444201469421,b4f37e6e,0.7821765542030334,0.007467865943908691,0.7615723013877869,6,False
633774dc,0c1b160c,0.8921728134155273,b0d42b0d,0.8919342756271362,0.00023853778839111328,0.8756534457206726,13,False
63559d57,5693dde2,0.8921512365341187,3a0af893,0.8825414180755615,0.009609818458557129,0.8722344040870667,11,False
647f2a41,bffe3082,0.7984081506729126,8612b37f,0.7735780477523804,0.024830102920532227,0.7540441751480103,16,False
65156b96,93f5d2e6,0.8865084052085876,fef8af96,0.8834506869316101,0.003057718276977539,0.8639260530471802,18,False
653612bc,a0e92ed6,0.766964316368103,69e41fa6,0.7667238116264343,0.00024050474166870117,0.7631326913833618,12,False
656a067b,529e88ca,0.918664813041687,656a067b,0.918664813041687,0.0,0.918664813041687,2,False
65a5466a,944f36b9,0.8730324506759644,1b82b665,0.8620848059654236,0.010947644710540771,0.8620848059654236,12,False
660d9546,e2fc7745,0.7829828262329102,0849b4e2,0.7829828262329102,0.0,0.7829828262329102,7,False
6767c111,ee288beb,0.8549359440803528,807f0298,0.8546075224876404,0.00032842159271240234,0.8543255925178528,7,False
67847288,41fb0192,0.7291842103004456,113011eb,0.7284518480300903,0.0007323622703552246,0.7136637568473816,19,False
67a8da4a,d9d6d94d,0.8109908103942871,173ed841,0.8108925819396973,9.822845458984375e-05,0.8102909326553345,9,False
684a6fc1,e3b34f5b,0.933211624622345,f6bc699b,0.9330334663391113,0.00017815828323364258,0.933000922203064,6,False
698930d1,9719aa04,0.9391324520111084,d1ecf309,0.9391324520111084,0.0,0.9391324520111084,14,False
699ea575,44441e54,0.8737804293632507,d6dd7330,0.8728563189506531,0.0009241104125976562,0.8728563189506531,7,False
69c1bdad,1a730ac2,0.8428341150283813,3a86fe8d,0.8243871331214905,0.01844698190689087,0.8066036105155945,8,False
69e41fa6,d5df0ff5,0.7136099338531494,4c3168cf,0.6963386535644531,0.01727128028869629,0.6963386535644531,16,False
6a0ff78e,dafc88c3,0.7473744750022888,5def1ce5,0.7473451495170593,2.9325485229492188e-05,0.7473451495170593,63,False
6a8fa194,9ffce529,0.8303294777870178,9314ff13,0.8207114934921265,0.009617984294891357,0.8175519704818726,20,False
6ae68655,10b89021,0.6899946331977844,6ae68655,0.6899946331977844,0.0,0.6899946331977844,2,False
6d1d74e1,28f4eda9,0.7445611357688904,df71d1ff,0.7429380416870117,0.0016230940818786621,0.7429380416870117,29,False
6d590e26,14ad5efb,0.8855491280555725,12f0cd90,0.8844932913780212,0.0010558366775512695,0.8745483756065369,32,False
6d6d93af,84c3b497,0.677648663520813,5a63b5d1,0.6771430969238281,0.0005055665969848633,0.6771430969238281,5,False
6dbe4b60,593876b6,0.8668480515480042,5a5269a9,0.8667908906936646,5.716085433959961e-05,0.8606153726577759,22,False
6e6d122c,b0f53bf4,0.7375878691673279,da2d4d7c,0.7336397767066956,0.003948092460632324,0.7183448672294617,19,False
6e9ccd38,374be387,0.8721106648445129,bd2c2f34,0.8721106648445129,0.0,0.8721106648445129,7,False
6ea22614,84633df4,0.9560599327087402,796dbd4c,0.9558342695236206,0.0002256631851196289,0.9554601907730103,4,False
6ede926a,729f4217,0.7238088846206665,dafc88c3,0.7219090461730957,0.0018998384475708008,0.7152801752090454,40,False
708caea9,698930d1,0.9178959131240845,529e88ca,0.9176629781723022,0.00023293495178222656,0.9167712330818176,10,False
70925e23,173ed841,0.514816403388977,67a8da4a,0.5126438140869141,0.0021725893020629883,0.5058229565620422,9,False
70e1788b,374be387,0.8606826066970825,d1457cc5,0.8569800853729248,0.003702521324157715,0.8568407297134399,4,False
71642c7d,1fdbba44,0.7817367911338806,9ae248be,0.7769689559936523,0.0047678351402282715,0.7417466640472412,9,False
71ccf778,9314ff13,0.8419275283813477,d63196fe,0.8394389152526855,0.0024886131286621094,0.8266828656196594,10,False
7224331b,5d11dfb5,0.8229548335075378,9dede370,0.8229548335075378,0.0,0.8229548335075378,5,False
722cf0d8,98bc6f66,0.9193856120109558,3ac16ad0,0.9184114933013916,0.000974118709564209,0.904419481754303,9,False
7256229b,cb879f40,0.8233204483985901,8cc800b3,0.8232170343399048,0.00010341405868530273,0.8222060799598694,12,False
726f3dc2,1a730ac2,0.8742358088493347,3a86fe8d,0.8668389320373535,0.007396876811981201,0.8544332981109619,12,False
7271dd80,a7fc3e6b,0.9644792675971985,f6bc699b,0.9642892479896545,0.0001900196075439453,0.9628692269325256,9,False
727a3a10,27c3155b,0.6215242147445679,493b5b31,0.6215242147445679,0.0,0.5138148069381714,15,False
729665c0,a87433c9,0.7920977473258972,bffe3082,0.777151346206665,0.014946401119232178,0.7691228985786438,18,False
729e9750,f8afa78a,0.7057243585586548,d114d9c2,0.7051221132278442,0.0006022453308105469,0.7001475691795349,21,False
729f4217,df8290be,0.7059005498886108,310c71a5,0.7059005498886108,0.0,0.7059005498886108,41,False
72dd8501,7bb17b96,0.9061537384986877,7b38844c,0.9057191610336304,0.00043457746505737305,0.8908135294914246,21,False
73348914,ffefef30,0.7035506367683411,a6b8ac67,0.7035506367683411,0.0,0.7035506367683411,8,False
739a914f,b977be4a,0.864241898059845,c908edd0,0.864241898059845,0.0,0.8598873019218445,37,False
73b1447d,6e6d122c,0.7500209212303162,2f19d536,0.7478432655334473,0.0021776556968688965,0.7372840046882629,27,False
74b6186b,404c4384,0.8401987552642822,05948241,0.839838981628418,0.0003597736358642578,0.8397781252861023,9,False
75c20ec7,2ab29395,0.818862795829773,3bfee975,0.813650906085968,0.005211889743804932,0.8036843538284302,30,False
75cd5f11,729f4217,0.8050810098648071,dafc88c3,0.7973076701164246,0.007773339748382568,0.7960941195487976,65,False
75d20a82,9314ff13,0.8574815392494202,cc8a1d57,0.8540663719177246,0.0034151673316955566,0.8468666076660156,9,False
76201745,944f36b9,0.9718401432037354,65a5466a,0.96815425157547,0.003685891628265381,0.9650840163230896,11,False
764072a5,f9fc81aa,0.8600932955741882,d6c320d9,0.8600165843963623,7.671117782592773e-05,0.8548904061317444,32,False
77b0d905,2ab29395,0.9102327823638916,015fe0d2,0.9045194983482361,0.005713284015655518,0.8870440125465393,21,False
77e4821c,7acda2df,0.8229383230209351,49dbc14c,0.8184926509857178,0.004445672035217285,0.812855064868927,21,False
7850c72e,cb34231f,0.8025444746017456,7850c72e,0.8025444746017456,0.0,0.8025444746017456,2,False
78a4a386,47ee27ab,0.7711665034294128,9c350a6a,0.7711665034294128,0.0,0.7711665034294128,6,False
79507629,4b831d20,0.7542023062705994,79507629,0.7542023062705994,0.0,0.7542023062705994,2,False
796dbd4c,3aaa2b30,0.8900575041770935,d543916f,0.8863877058029175,0.0036697983741760254,0.8648752570152283,22,False
7987f2f2,5693dde2,0.8287384510040283,63559d57,0.8191742300987244,0.009564220905303955,0.8133923411369324,11,False
7993a768,7993a768,0.7399559020996094,ecdab904,0.7399559020996094,0.0,0.7399559020996094,1,True
7a5660b0,d4f60a28,0.8312910795211792,c07fd0cd,0.8312910795211792,0.0,0.8312910795211792,4,False
7acda2df,bf39bc20,0.6346354484558105,5cdd8dbc,0.6346354484558105,0.0,0.6346354484558105,7,False
7b2c7b3c,60e37807,0.7792685627937317,b37fd114,0.7792685627937317,0.0,0.7792685627937317,11,False
7b38844c,b38e3116,0.8613608479499817,5cb483ac,0.8613608479499817,0.0,0.8613608479499817,4,False
7bb17b96,f074d277,0.8468778133392334,72dd8501,0.8468778133392334,0.0,0.8468778133392334,15,False
7c607683,d2f3b1ab,0.8362333178520203,373ef48b,0.8362323045730591,1.0132789611816406e-06,0.8316254019737244,41,False
7cbbd047,7bb17b96,0.8919201493263245,ed6e6e54,0.8912434577941895,0.0006766915321350098,0.8888683319091797,11,False
7cd4bb31,d40f61d5,0.8359370231628418,df8290be,0.8359370231628418,0.0,0.8359370231628418,52,False
7d50373e,09441b8d,0.6620621085166931,18d24f7b,0.6620621085166931,0.0,0.6620621085166931,17,False
7d57c75d,708caea9,0.9634381532669067,529e88ca,0.9633230566978455,0.0001150965690612793,0.9630188941955566,9,False
7e208414,7bb17b96,0.8609038591384888,7b38844c,0.8603671789169312,0.0005366802215576172,0.8599188327789307,10,False
7e721392,59f8b2e8,0.836223840713501,5a63b5d1,0.8305194973945618,0.005704343318939209,0.8217543959617615,6,False
7ff89f8f,70e1788b,0.7918028235435486,d1457cc5,0.7917729020118713,2.9921531677246094e-05,0.7911579012870789,3,False
8050c789,3a824aa7,0.8756344318389893,8b9d8326,0.875531017780304,0.00010341405868530273,0.875531017780304,7,False
807f0298,3f603129,0.9215901494026184,9719aa04,0.9207135438919067,0.0008766055107116699,0.9207135438919067,20,False
811f52b3,f9fc81aa,0.8926798105239868,be83e781,0.8925431370735168,0.0001366734504699707,0.8862699270248413,41,False
81bf5923,1b1eba53,0.6782305240631104,727a3a10,0.6782305240631104,0.0,0.6782305240631104,4,False
81fc01c6,74b6186b,0.9402796626091003,398dce4b,0.9401018619537354,0.00017780065536499023,0.9387598633766174,6,False
8255c867,25fd32b3,0.890526294708252,b4f37e6e,0.886783242225647,0.0037430524826049805,0.8543779850006104,24,False
82aab6d2,9dede370,0.8450669050216675,82aab6d2,0.8450669050216675,0.0,0.8450669050216675,2,False
82fcf37c,98bc6f66,0.5753393769264221,df71d1ff,0.5753393769264221,0.0,0.5753393769264221,26,False
833af382,77e4821c,0.7149362564086914,b4f37e6e,0.7086500525474548,0.006286203861236572,0.6174681782722473,24,False
8382f4b6,1944513c,0.7290656566619873,0be01c24,0.7290656566619873,0.0,0.7290656566619873,21,False
84633df4,b32902c0,0.924019455909729,84633df4,0.9234007596969604,0.0006186962127685547,0.9234007596969604,2,False
8478df29,8cc800b3,0.91486656665802,30d75030,0.9145427942276001,0.0003237724304199219,0.9104931354522705,17,False
84815d5a,9d072e4c,0.8039958477020264,7bb17b96,0.8000587224960327,0.003937125205993652,0.7698297500610352,14,False
84c3b497,b3388334,0.758829653263092,59f8b2e8,0.758829653263092,0.0,0.758829653263092,4,False
85380836,c9578d27,0.8158391118049622,13ce113d,0.8158391118049622,0.0,0.8158391118049622,71,False
8612b37f,bffe3082,0.8007265329360962,d50c649a,0.7848859429359436,0.015840590000152588,0.7847848534584045,8,False
861e71df,593876b6,0.8584736585617065,b977be4a,0.8583840727806091,8.958578109741211e-05,0.8556715250015259,17,False
86454a6f,96936c22,0.6183446049690247,8050c789,0.6183446049690247,0.0,0.6183446049690247,3,False
8648abae,9d072e4c,0.8402689695358276,7bb17b96,0.8350674510002136,0.005201518535614014,0.8120219111442566,17,False
865033f8,b4f37e6e,0.739381730556488,77e4821c,0.7363242506980896,0.0030574798583984375,0.6874608397483826,7,False
87695469,9c211c53,0.7831287980079651,2b034622,0.7804182171821594,0.002710580825805664,0.7714473009109497,5,False
877ed19c,8382f4b6,0.8313206434249878,9da441ba,0.8310903906822205,0.00023025274276733398,0.8128379583358765,15,False
87aa3730,729f4217,0.5107155442237854,dafc88c3,0.5054270625114441,0.005288481712341309,0.5046014785766602,12,False
884ecb5f,729f4217,0.8760161995887756,7cd4bb31,0.8729633092880249,0.0030528903007507324,0.8702993392944336,25,False
8902c3f6,a783cc24,0.8946976065635681,a2e8e7f6,0.8904559016227722,0.0042417049407958984,0.8880612850189209,5,False
896d15b9,896d15b9,0.8028337359428406,2fa01aa6,0.370162695646286,0.43267104029655457,0.8028337359428406,1,True
8995c945,d9ae59b2,0.9178693890571594,f72b268f,0.9178445935249329,2.47955322265625e-05,0.9173675775527954,20,False
89969c7a,8cc800b3,0.9128291010856628,cb879f40,0.9126275181770325,0.0002015829086303711,0.9082727432250977,17,False
89f1085d,aed44918,0.4514169991016388,89f1085d,0.4514169991016388,0.0,0.4514169991016388,2,False
89f36adf,5693dde2,0.7657830715179443,3a0af893,0.746519148349762,0.019263923168182373,0.7444067597389221,10,False
89fdb2f2,7bb17b96,0.8257232308387756,d924e971,0.8238919377326965,0.0018312931060791016,0.8238919377326965,5,False
8a3da6d1,89fdb2f2,0.8938964009284973,7bb17b96,0.8924041986465454,0.0014922022819519043,0.8799028396606445,21,False
8a89da23,87aa3730,0.8480473160743713,5def1ce5,0.8479841351509094,6.318092346191406e-05,0.8451425433158875,52,False
8a9c8932,42c538a1,0.766896665096283,af7a59ce,0.7537568211555481,0.013139843940734863,0.7479716539382935,7,False
8ac2f237,9e3e364d,0.7996723651885986,9da441ba,0.7962973117828369,0.0033750534057617188,0.7934382557868958,18,False
8b12bab6,bffe3082,0.7515886425971985,8612b37f,0.7449219822883606,0.006666660308837891,0.7354564070701599,12,False
8b5be31b,8b5be31b,0.8837013244628906,74b6186b,0.8837013244628906,0.0,0.8837013244628906,1,True
8b95d6d1,a783cc24,0.8430771231651306,efe96181,0.8413305282592773,0.0017465949058532715,0.8413305282592773,7,False
8b9d8326,2ab29395,0.835598349571228,6e6d122c,0.8233627676963806,0.012235581874847412,0.8117516040802002,21,False
8bb9c1e6,2ee0235b,0.8608629703521729,e6c55748,0.8608306646347046,3.230571746826172e-05,0.8584465980529785,35,False
8bda1a11,d114d9c2,0.7204618453979492,e149204f,0.7190062403678894,0.0014556050300598145,0.7143926024436951,17,False
8bfa881d,6e6d122c,0.7442055940628052,2f19d536,0.744157612323761,4.798173904418945e-05,0.7111397385597229,28,False
8c167025,fc0d20b2,0.8100152015686035,8b95d6d1,0.805095374584198,0.004919826984405518,0.8033343553543091,12,False
8c8348e8,1bcb2fcf,0.7271230220794678,3e678ea7,0.7253329157829285,0.0017901062965393066,0.7249190807342529,4,False
8cc21f01,1d3fbf02,0.8802042007446289,000d7d20,0.87232905626297,0.007875144481658936,0.8435452580451965,10,False
8cc800b3,3aaa2b30,0.8820522427558899,30d75030,0.8814256191253662,0.0006266236305236816,0.8810945749282837,17,False
8d5d46d7,3d96d897,0.8326420783996582,87aa3730,0.8313393592834473,0.0013027191162109375,0.8278256058692932,47,False
8d92cb49,2fe023be,0.7357497811317444,5397ceb1,0.7357497811317444,0.0,0.7357497811317444,17,False
8f201368,729f4217,0.7209160923957825,dafc88c3,0.718058705329895,0.002857387065887451,0.7173042297363281,48,False
90386ee4,729f4217,0.7502280473709106,dafc88c3,0.7319129705429077,0.01831507682800293,0.7296892404556274,22,False
91abc4c7,fb3848a1,0.7440565824508667,dc7da28f,0.7440565824508667,0.0,0.7440565824508667,5,False
91b301ce,f439a621,0.8006957769393921,940e709a,0.8006957769393921,0.0,0.8006957769393921,6,False
91db7070,8a3da6d1,0.8169462084770203,72dd8501,0.8169462084770203,0.0,0.8169462084770203,10,False
925a7cd1,2ab29395,0.9401944875717163,015fe0d2,0.9400045275688171,0.00018996000289916992,0.929272472858429,26,False
9283ae69,93f5d2e6,0.8329659700393677,a08d9e63,0.8018175363540649,0.031148433685302734,0.7968204021453857,9,False
9298ad5b,d011f41b,0.8240073919296265,a4f989c2,0.8240073919296265,0.0,0.818248450756073,7,False
9314ff13,d63196fe,0.7826069593429565,5254b6db,0.7783522009849548,0.004254758358001709,0.7783522009849548,17,False
93209a3d,bffe3082,0.838960587978363,fba7683c,0.8337620496749878,0.005198538303375244,0.8337620496749878,17,False
939d9c34,bffe3082,0.8443366885185242,d50c649a,0.8345832228660583,0.00975346565246582,0.8252096772193909,11,False
93f5d2e6,91b301ce,0.8760173916816711,93f5d2e6,0.8760173916816711,0.0,0.8760173916816711,2,False
940a48d9,8cc800b3,0.9136226773262024,30d75030,0.9133844971656799,0.00023818016052246094,0.9107837677001953,16,False
940e709a,aee6393a,0.738118588924408,a08d9e63,0.6940892338752747,0.0440293550491333,0.6935836672782898,6,False
9426ec1e,84815d5a,0.7688037157058716,91db7070,0.7688037157058716,0.0,0.7688037157058716,10,False
94467f50,94467f50,0.6536546945571899,b8c49c1a,0.6518512964248657,0.0018033981323242188,0.6536546945571899,1,True
944f36b9,0390d174,0.812945544719696,ae8959c3,0.812945544719696,0.0,0.812945544719696,9,False
94d813a4,d9d6d94d,0.7820355296134949,70925e23,0.7805670499801636,0.0014684796333312988,0.7805670499801636,3,False
95b559e7,4c3168cf,0.8980537056922913,12203f2a,0.8961092829704285,0.001944422721862793,0.8930679559707642,11,False
95c8427f,b4f37e6e,0.9460937976837158,77e4821c,0.9460773468017578,1.6450881958007812e-05,0.8896533250808716,14,False
96936c22,2ab29395,0.947621762752533,ba48188d,0.9461026787757874,0.0015190839767456055,0.9377648234367371,28,False
96ae5806,c9fedcf3,0.8492162823677063,f07d7037,0.8483756184577942,0.0008406639099121094,0.8483756184577942,3,False
96b7eea1,d011f41b,0.8262175917625427,a4f989c2,0.8262175917625427,0.0,0.8099613785743713,11,False
9719aa04,8995c945,0.928363561630249,19137a89,0.9280047416687012,0.00035881996154785156,0.923024594783783,21,False
974802e7,a85e4bc3,0.6911277174949646,974802e7,0.6903152465820312,0.0008124709129333496,0.6903152465820312,2,False
97cd5bf9,122bd617,0.7515518069267273,404c4384,0.7515518069267273,0.0,0.7515518069267273,8,False
98177ced,57f05c51,0.9558727145195007,27c3155b,0.9555208683013916,0.00035184621810913086,0.955425500869751,5,False
9896fc0b,a08d9e63,0.9086414575576782,940e709a,0.9081596732139587,0.0004817843437194824,0.9081596732139587,8,False
98bc6f66,729e9750,0.7736361026763916,d114d9c2,0.7736271619796753,8.940696716308594e-06,0.7730966806411743,5,False
992c99e8,512943b2,0.8332530856132507,877ed19c,0.8332117795944214,4.13060188293457e-05,0.8332117199897766,6,False
992ce078,d63196fe,0.8176655769348145,9314ff13,0.8173394799232483,0.0003260970115661621,0.796126663684845,11,False
99529c45,99529c45,0.9012370705604553,511e1db0,0.6162956953048706,0.2849413752555847,0.9012370705604553,1,True
995ff498,d24ff243,0.8342790007591248,e6c55748,0.8341758847236633,0.00010311603546142578,0.8334864974021912,10,False
999daf80,77e4821c,0.9056205153465271,b4f37e6e,0.9037681818008423,0.0018523335456848145,0.8316586017608643,17,False
9a6b0392,76201745,0.9514312744140625,0390d174,0.9512282609939575,0.00020301342010498047,0.9507154822349548,3,False
9a8ae0d6,89fdb2f2,0.8435102105140686,9d072e4c,0.8424010872840881,0.0011091232299804688,0.8342478275299072,24,False
9a95e33f,59f8b2e8,0.8667812943458557,5a63b5d1,0.8633926510810852,0.003388643264770508,0.8605275750160217,4,False
9ab94eeb,93f5d2e6,0.8486380577087402,a08d9e63,0.8127541542053223,0.03588390350341797,0.8042312264442444,10,False
9ad5410a,bffe3082,0.6593728065490723,22c5f93f,0.6593728065490723,0.0,0.6593728065490723,23,False
9ae248be,ffefef30,0.7930303812026978,1a68190b,0.7930303812026978,0.0,0.7930303812026978,4,False
9af1ffd0,404c4384,0.8240064978599548,05948241,0.8190742135047913,0.004932284355163574,0.8183765411376953,8,False
9b5b61c1,a4f989c2,0.9336414337158203,d011f41b,0.9336414337158203,0.0,0.9200709462165833,8,False
9b9e3b49,bffe3082,0.8414442539215088,8612b37f,0.831916093826294,0.009528160095214844,0.8130337595939636,22,False
9bd2bba3,113011eb,0.7800131440162659,41fb0192,0.7772684097290039,0.002744734287261963,0.764719545841217,6,False
9c211c53,a85e4bc3,0.8985511660575867,c84c65be,0.8971589207649231,0.0013922452926635742,0.8971589207649231,5,False
9c350a6a,1a730ac2,0.8514627814292908,3a86fe8d,0.8373618721961975,0.014100909233093262,0.8285818099975586,11,False
9c8375f7,77e4821c,0.803799033164978,b4f37e6e,0.8010046482086182,0.0027943849563598633,0.7153356075286865,17,False
9d072e4c,ed6e6e54,0.8395792841911316,7b38844c,0.8395792841911316,0.0,0.8389343619346619,16,False
9d3ec64c,122bd617,0.9300737977027893,9af1ffd0,0.9300737977027893,0.0,0.9300737977027893,6,False
9d4272e3,dbee6c86,0.7382993698120117,a48640d9,0.7382993698120117,0.0,0.7382993698120117,3,False
9d5e14d4,91abc4c7,0.8021198511123657,060ab2b8,0.8021198511123657,0.0,0.8021198511123657,5,False
9da441ba,da940160,0.7886300086975098,eb06a4e7,0.7886300086975098,0.0,0.7886300086975098,44,False
9dede370,7224331b,0.8381857872009277,5d11dfb5,0.8108608722686768,0.027324914932250977,0.8096354007720947,6,False
9def2eb2,23b9beb0,0.8244594931602478,7b2c7b3c,0.8240475654602051,0.0004119277000427246,0.8237413167953491,8,False
9df1b1f9,7bb17b96,0.8053696751594543,9d072e4c,0.8038265109062195,0.0015431642532348633,0.7771690487861633,22,False
9dfff011,272abef3,0.8081960678100586,3a86fe8d,0.8075478672981262,0.000648200511932373,0.7992783188819885,18,False
9e3e364d,9e3e364d,0.6573742628097534,6d590e26,0.6573742628097534,0.0,0.6573742628097534,1,True
9efc812e,d41beaf2,0.8865880370140076,ae069086,0.8865880370140076,0.0,0.8865880370140076,5,False
9f0c7bae,ffefef30,0.6443226933479309,a6b8ac67,0.6443226933479309,0.0,0.6443226933479309,13,False
9ffce529,5254b6db,0.659993052482605,481de5fc,0.659993052482605,0.0,0.659993052482605,22,False
a0383629,4f4afcc6,0.7019885182380676,d24ff243,0.701320230960846,0.0006682872772216797,0.699471652507782,40,False
a056d01e,1d3fbf02,0.8532160520553589,000d7d20,0.8513819575309753,0.001834094524383545,0.8183979392051697,9,False
a08d9e63,084d66f9,0.7156056761741638,a08d9e63,0.7156056761741638,0.0,0.7156056761741638,2,False
a0b83014,4ed93db6,0.8448143005371094,c2717d4f,0.8442519903182983,0.0005623102188110352,0.8442519903182983,10,False
a0e92ed6,e4726608,0.7763903737068176,347242c8,0.7763903737068176,0.0,0.7763903737068176,8,False
a15bc102,e3b34f5b,0.87764972448349,e0079ed1,0.8756693005561829,0.001980423927307129,0.868298351764679,12,False
a247e7cf,d114d9c2,0.7660056948661804,f8afa78a,0.765141487121582,0.0008642077445983887,0.7565868496894836,10,False
a2e8e7f6,a783cc24,0.8458161354064941,efe96181,0.8440694808959961,0.0017466545104980469,0.8440694808959961,9,False
a3518960,5693dde2,0.828569769859314,3a0af893,0.8215087056159973,0.00706106424331665,0.8008940815925598,15,False
a3f71395,1fdbba44,0.7679306268692017,bd8f847e,0.7593687772750854,0.008561849594116211,0.7214853167533875,9,False
a4719920,8d92cb49,0.814466655254364,1590af81,0.8102947473526001,0.004171907901763916,0.8094884753227234,18,False
a48640d9,113011eb,0.6821067929267883,41fb0192,0.6813797950744629,0.0007269978523254395,0.6448110342025757,24,False
a4cdbb0f,d114d9c2,0.8056549429893494,4c3df468,0.8038363456726074,0.0018185973167419434,0.8026027679443359,22,False
a4f989c2,9b5b61c1,0.8124182820320129,54a7e3c2,0.8124182820320129,0.0,0.8124182820320129,12,False
a5aa7973,529e88ca,0.9083672165870667,bb682ebd,0.9082321524620056,0.00013506412506103516,0.908198893070221,7,False
a5e6f7dc,c8d9680c,0.784813404083252,12f0cd90,0.7752629518508911,0.00955045223236084,0.7575696706771851,18,False
a612d5a0,f631da6e,0.8993012309074402,54a7e3c2,0.8978652954101562,0.0014359354972839355,0.8925856947898865,10,False
a622ce4d,12f0cd90,0.7909685969352722,c8d9680c,0.7909514307975769,1.71661376953125e-05,0.7855735421180725,16,False
a645da9a,7bb17b96,0.8053603768348694,ed6e6e54,0.8021143674850464,0.003246009349822998,0.7986921668052673,18,False
a692b17e,3d96d897,0.7531474232673645,87aa3730,0.7523815035820007,0.0007659196853637695,0.7412943243980408,41,False
a6b8ac67,1fdbba44,0.8330822587013245,bd8f847e,0.8328548669815063,0.00022739171981811523,0.8093893527984619,5,False
a6ed2eff,12f0cd90,0.8737919330596924,26623a50,0.8737557530403137,3.618001937866211e-05,0.8726347088813782,12,False
a6f967fb,2fa01aa6,0.7695622444152832,c3957531,0.7685113549232483,0.0010508894920349121,0.76201331615448,6,False
a76db406,357c12f9,0.8065962195396423,a76db406,0.8065962195396423,0.0,0.8065962195396423,2,False
a7744f5b,d2f3b1ab,0.8262496590614319,4654e7de,0.8261584043502808,9.125471115112305e-05,0.8226494193077087,18,False
a783cc24,efe96181,0.8791917562484741,8b95d6d1,0.8791917562484741,0.0,0.8791917562484741,5,False
a79fd2e7,200d233d,0.8974950313568115,2f8e53c3,0.8973217606544495,0.00017327070236206055,0.8879912495613098,16,False
a7fc3e6b,e3b34f5b,0.8941341042518616,684a6fc1,0.8929603695869446,0.0011737346649169922,0.8929603695869446,12,False
a85bb86f,77e4821c,0.8715243339538574,b4f37e6e,0.8707677125930786,0.0007566213607788086,0.8127021789550781,13,False
a85e4bc3,87695469,0.8106065392494202,ab6fe95d,0.8106065392494202,0.0,0.8106065392494202,8,False
a87433c9,a87433c9,0.8495724201202393,bffe3082,0.786662220954895,0.06291019916534424,0.8495724201202393,1,True
a8ed028a,03a935ae,0.8780955076217651,727a3a10,0.8747197389602661,0.0033757686614990234,0.8747197389602661,3,False
a959858c,5693dde2,0.7886901497840881,109d9d70,0.7757638096809387,0.012926340103149414,0.7464578747749329,14,False
a9c9b150,d011f41b,0.8830228447914124,a4f989c2,0.8830228447914124,0.0,0.8798319101333618,5,False
aa95015b,a622ce4d,0.8874170184135437,b85f7b06,0.8872020244598389,0.00021499395370483398,0.8862864375114441,7,False
aaaf3c03,9ffce529,0.8581170439720154,cda7eb37,0.8410235047340393,0.017093539237976074,0.8409627676010132,14,False
aaeffccb,2ab29395,0.8593485951423645,ba48188d,0.8449929356575012,0.014355659484863281,0.8254107236862183,19,False
ab112491,77b0d905,0.782723069190979,3584a6eb,0.7826085686683655,0.00011450052261352539,0.7783767580986023,16,False
ab18d3fc,2ab29395,0.8170723915100098,6e6d122c,0.8091387152671814,0.00793367624282837,0.8026222586631775,33,False
ab3ced07,edf885a3,0.7878580093383789,77b0d905,0.7876966595649719,0.00016134977340698242,0.7876758575439453,17,False
ab6fe95d,a85e4bc3,0.7926200032234192,2b034622,0.7891463041305542,0.0034736990928649902,0.7882378697395325,7,False
ab94878e,38991fd4,0.8820896148681641,591cc951,0.8820117115974426,7.790327072143555e-05,0.8820117115974426,8,False
abf460d2,2ab29395,0.9301775693893433,da2d4d7c,0.9226351976394653,0.00754237174987793,0.9133409261703491,36,False
ac6f01d5,1bcb2fcf,0.8026414513587952,3e678ea7,0.8006578087806702,0.001983642578125,0.7970901131629944,7,False
ad2133a8,cda7eb37,0.6571348309516907,27ebb9b9,0.6569972038269043,0.00013762712478637695,0.6569972038269043,15,False
add9c322,8cc800b3,0.8926160335540771,30d75030,0.8921737670898438,0.00044226646423339844,0.8919863700866699,5,False
ae069086,ae069086,0.9159630537033081,ce8399b7,0.9159630537033081,0.0,0.9159630537033081,1,True
ae0784a8,b7974e66,0.8719154000282288,f07d7037,0.8719154000282288,0.0,0.8719154000282288,9,False
ae35f33a,9ae248be,0.8501270413398743,1fdbba44,0.8368812203407288,0.013245820999145508,0.7904953956604004,13,False
ae8959c3,944f36b9,0.9069536328315735,65a5466a,0.9059914350509644,0.0009621977806091309,0.9021810293197632,3,False
aed44918,89f1085d,0.7604079842567444,aed44918,0.7604079842567444,0.0,0.7604079842567444,2,False
aee6393a,9ab94eeb,0.6865861415863037,940e709a,0.6865861415863037,0.0,0.6865861415863037,19,False
af7a59ce,af7a59ce,0.6325170993804932,42c538a1,0.6325170993804932,0.0,0.6325170993804932,1,True
aff4e561,729e9750,0.8315087556838989,d114d9c2,0.8275655508041382,0.003943204879760742,0.8203557729721069,7,False
b04b58a3,a2e8e7f6,0.8408473134040833,8b95d6d1,0.8408473134040833,0.0,0.8378482460975647,15,False
b0d42b0d,0c1b160c,0.7385233044624329,633774dc,0.7385233044624329,0.0,0.7385233044624329,3,False
b0f53bf4,f053a1b9,0.8046894669532776,37d36812,0.8046894669532776,0.0,0.8046894669532776,20,False
b19b0395,729f4217,0.8626666069030762,dafc88c3,0.8499269485473633,0.01273965835571289,0.84788578748703,67,False
b1efb8a4,9d072e4c,0.791888952255249,7bb17b96,0.789860188961029,0.0020287632942199707,0.7883410453796387,22,False
b32902c0,cb879f40,0.8694006204605103,efde6ac3,0.8691551089286804,0.000245511531829834,0.8658012747764587,21,False
b32e4903,4f4afcc6,0.7297542095184326,d6c320d9,0.7295727133750916,0.00018149614334106445,0.7294037938117981,14,False
b3388334,59f8b2e8,0.8775181770324707,5a63b5d1,0.8774288892745972,8.928775787353516e-05,0.8748737573623657,5,False
b37fd114,8d92cb49,0.7800210118293762,1590af81,0.7778251767158508,0.0021958351135253906,0.7760372757911682,17,False
b38e3116,89fdb2f2,0.8003101944923401,16e4a047,0.8000370264053345,0.00027316808700561523,0.8000370264053345,14,False
b4d8dd4f,77e4821c,0.8758180737495422,b4f37e6e,0.8751050233840942,0.000713050365447998,0.8429976105690002,6,False
b4f37e6e,77e4821c,0.8194265961647034,95c8427f,0.8171212673187256,0.002305328845977783,0.8171212673187256,12,False
b56bc0aa,77e4821c,0.8434439897537231,b4f37e6e,0.84083491563797,0.002609074115753174,0.7611710429191589,23,False
b585b4fa,87aa3730,0.8612139821052551,5def1ce5,0.8611579537391663,5.602836608886719e-05,0.8570071458816528,31,False
b5aa9634,2d9f6cb9,0.77149897813797,79507629,0.7711076736450195,0.00039130449295043945,0.7711076736450195,24,False
b7974e66,c593337f,0.8197741508483887,c9fedcf3,0.8197741508483887,0.0,0.8197741508483887,3,False
b7cdcecb,d114d9c2,0.7789603471755981,f8afa78a,0.7741922736167908,0.004768073558807373,0.7541995048522949,16,False
b7fea9ef,8902c3f6,0.8800969123840332,ef04658e,0.8799989223480225,9.799003601074219e-05,0.8799989223480225,5,False
b85f7b06,c8d9680c,0.7420194745063782,12f0cd90,0.7366696000099182,0.005349874496459961,0.7299259901046753,11,False
b881d27e,3d96d897,0.7140507698059082,87aa3730,0.7097885608673096,0.004262208938598633,0.7049679160118103,41,False
b8c49c1a,a783cc24,0.845810055732727,35b3ef6a,0.8421580195426941,0.003652036190032959,0.8330363631248474,8,False
b95e7121,9e3e364d,0.811761736869812,9da441ba,0.8091278672218323,0.0026338696479797363,0.8056831359863281,5,False
b977be4a,9e3e364d,0.7280319333076477,12f0cd90,0.7251871228218079,0.0028448104858398438,0.7250863313674927,15,False
ba48188d,2ab29395,0.6598342061042786,da2d4d7c,0.6448896527290344,0.01494455337524414,0.6409118175506592,32,False
bb2cdd83,3d96d897,0.7885634303092957,87aa3730,0.7824774980545044,0.00608593225479126,0.7634928226470947,35,False
bb337fa0,3a86fe8d,0.8569186925888062,9dfff011,0.8568285703659058,9.012222290039062e-05,0.8568285703659058,15,False
bb682ebd,698930d1,0.8847633004188538,4ddde4c1,0.8847540616989136,9.238719940185547e-06,0.8847540616989136,4,False
bc4381e2,f88ddb26,0.7805083990097046,02e7fe5a,0.7805083990097046,0.0,0.7805083990097046,5,False
bcebcc5f,e3b34f5b,0.942769467830658,f6bc699b,0.942582368850708,0.00018709897994995117,0.9423943161964417,12,False
bd2c2f34,bd2c2f34,0.8871203064918518,2d179ded,0.8871203064918518,0.0,0.8871203064918518,1,True
bd4ae5da,a87433c9,0.8324069380760193,bffe3082,0.8306583166122437,0.0017486214637756348,0.7825174331665039,18,False
bd6f0e19,12f0cd90,0.8742796182632446,14ad5efb,0.8738812804222107,0.00039833784103393555,0.8644497990608215,17,False
bd8f847e,9ae248be,0.7061089277267456,1fdbba44,0.7047288417816162,0.0013800859451293945,0.6936350464820862,5,False
be063506,bffe3082,0.808978796005249,8612b37f,0.7963972091674805,0.012581586837768555,0.7712714076042175,13,False
be35c8f2,1bcb2fcf,0.7889929413795471,3e678ea7,0.7839145660400391,0.005078375339508057,0.7816022038459778,3,False
be83e781,729f4217,0.6131278276443481,4caa7289,0.6081852316856384,0.004942595958709717,0.6038993000984192,51,False
beda8696,8bda1a11,0.7587726712226868,729e9750,0.7270767092704773,0.03169596195220947,0.7083902955055237,17,False
bf39bc20,77e4821c,0.8265672922134399,b4f37e6e,0.8226584792137146,0.003908812999725342,0.7766244411468506,29,False
bf70b410,d114d9c2,0.7438474297523499,729e9750,0.7395902872085571,0.004257142543792725,0.7049259543418884,26,False
bffe3082,2be5c96a,0.786492109298706,9b9e3b49,0.786492109298706,0.0,0.786492109298706,23,False
c03b9305,516088b7,0.4910144507884979,1619e2ca,0.4777809679508209,0.013233482837677002,0.4294873774051666,14,False
c03d4aed,9ae248be,0.7990946769714355,1fdbba44,0.7941417098045349,0.004952967166900635,0.7747038006782532,9,False
c03fba65,c03fba65,0.8870651125907898,122bd617,0.8870651125907898,0.0,0.8870651125907898,1,True
c07fd0cd,c3957531,0.871052622795105,a6f967fb,0.8709442019462585,0.00010842084884643555,0.8709442019462585,3,False
c1708b88,1beca81d,0.8452026844024658,5aa03df7,0.8436430096626282,0.0015596747398376465,0.8436430096626282,3,False
c1d046f4,da940160,0.8679646849632263,9da441ba,0.8679646849632263,0.0,0.8679646849632263,50,False
c2717d4f,c2c4db09,0.915113091468811,a622ce4d,0.9149620532989502,0.00015103816986083984,0.9062182307243347,20,False
c2c4db09,12f0cd90,0.902448832988739,14ad5efb,0.9020878076553345,0.000361025333404541,0.894793689250946,21,False
c2c6fc71,2ab29395,0.9667116403579712,015fe0d2,0.9647871255874634,0.0019245147705078125,0.9587945342063904,14,False
c36625df,bffe3082,0.8396477103233337,a87433c9,0.8231162428855896,0.01653146743774414,0.8012787103652954,20,False
c3957531,c07fd0cd,0.7570235729217529,d4f60a28,0.7570235729217529,0.0,0.7570235729217529,3,False
c42fe306,ec0d597b,0.7659213542938232,c42fe306,0.7656500935554504,0.00027126073837280273,0.7656500935554504,2,False
c43812e2,7224331b,0.8046413660049438,9dede370,0.7900341749191284,0.01460719108581543,0.7899972796440125,4,False
c472c0b5,0390d174,0.9527634978294373,c472c0b5,0.9527634978294373,0.0,0.9527634978294373,2,False
c47e0767,2ab29395,0.8846237659454346,6e6d122c,0.8820956945419312,0.002528071403503418,0.8793945908546448,17,False
c50b42f6,8bda1a11,0.845583975315094,98bc6f66,0.826042652130127,0.01954132318496704,0.8158968091011047,11,False
c593337f,b7974e66,0.7803353071212769,1b08ed48,0.7761822938919067,0.004153013229370117,0.7753508687019348,8,False
c59b6c4a,8bda1a11,0.8495853543281555,98bc6f66,0.8387531042098999,0.010832250118255615,0.8309869170188904,7,False
c66be2b8,12f0cd90,0.8466653227806091,14ad5efb,0.8455893397331238,0.0010759830474853516,0.8314021229743958,31,False
c6797dd7,9a8ae0d6,0.9306586980819702,5a1a8fd8,0.9305933117866516,6.538629531860352e-05,0.9305155277252197,11,False
c6b782a4,463c38f2,0.9155773520469666,9efc812e,0.9121153354644775,0.0034620165824890137,0.9109644889831543,6,False
c6c96179,87aa3730,0.8565455675125122,d2f3b1ab,0.8558546304702759,0.0006909370422363281,0.8472617268562317,45,False
c70c0e01,113011eb,0.5918700098991394,41fb0192,0.5915136933326721,0.00035631656646728516,0.5631202459335327,7,False
c84c65be,9c211c53,0.8834247589111328,2b034622,0.8771111369132996,0.006313621997833252,0.8493267893791199,7,False
c8d9680c,9da441ba,0.7656245827674866,8382f4b6,0.7654794454574585,0.00014513731002807617,0.7587330937385559,19,False
c908edd0,c8d9680c,0.7671509981155396,12f0cd90,0.7659375071525574,0.0012134909629821777,0.7648372650146484,40,False
c9578d27,be83e781,0.7765588164329529,75cd5f11,0.7765588164329529,0.0,0.7750877737998962,35,False
c96c018a,c8d9680c,0.8698935508728027,12f0cd90,0.8670998215675354,0.002793729305267334,0.8549395203590393,11,False
c99f9fae,0955cd6c,0.8419809937477112,fa31da94,0.8419753313064575,5.662441253662109e-06,0.8400238156318665,7,False
c9e6734f,463c38f2,0.7329257130622864,d0a43760,0.7157080173492432,0.017217695713043213,0.7144391536712646,5,False
c9e980e8,9e3e364d,0.8409401774406433,eb06a4e7,0.8388593792915344,0.0020807981491088867,0.8388037085533142,11,False
c9fedcf3,eb934281,0.8415971994400024,c9fedcf3,0.8415971994400024,0.0,0.8415971994400024,2,False
cad13e8f,57f05c51,0.8645108342170715,27c3155b,0.8614984750747681,0.003012359142303467,0.8610327839851379,5,False
cb34231f,7850c72e,0.8157798647880554,27c3155b,0.8157798647880554,0.0,0.8157798647880554,4,False
cb879f40,fae0c593,0.9028390049934387,6ea22614,0.9028390049934387,0.0,0.9028390049934387,15,False
cbb406b5,c8d9680c,0.7658830881118774,12f0cd90,0.7629702091217041,0.00291287899017334,0.7323480248451233,40,False
cbe51de1,7987f2f2,0.7989838123321533,08fecf00,0.7989838123321533,0.0,0.7989838123321533,15,False
cbe62450,3aaa2b30,0.7140693068504333,d543916f,0.7131298780441284,0.0009394288063049316,0.7119979858398438,18,False
cc08aa63,77e4821c,0.8107133507728577,b4f37e6e,0.8088120222091675,0.0019013285636901855,0.7698846459388733,6,False
cc8a1d57,cc8a1d57,0.7517807483673096,58fa8486,0.7517807483673096,0.0,0.7517807483673096,1,True
ccedb12b,94d813a4,0.8084099888801575,5f75f796,0.8083528280258179,5.716085433959961e-05,0.7999481558799744,10,False
cd7f1687,a4719920,0.7998628616333008,5397ceb1,0.799654483795166,0.00020837783813476562,0.7990442514419556,7,False
cda7eb37,d63196fe,0.7568027377128601,1b6ba517,0.7508420348167419,0.005960702896118164,0.7508420348167419,21,False
cdc31d65,2ab29395,0.8949635028839111,ba48188d,0.8879597187042236,0.0070037841796875,0.8818804025650024,25,False
cdc60a53,90386ee4,0.9214019179344177,eeed308d,0.9214019179344177,0.0,0.9214019179344177,36,False
ce55ba43,9dfff011,0.8467032313346863,9c350a6a,0.8467032313346863,0.0,0.8467032313346863,22,False
ce8399b7,463c38f2,0.8965908885002136,c9e6734f,0.8787954449653625,0.017795443534851074,0.8698408007621765,15,False
cf50c9d1,ce8399b7,0.8705543279647827,ab94878e,0.8705543279647827,0.0,0.8705543279647827,3,False
d00e7eb9,d90aa14c,0.7963152527809143,d00e7eb9,0.7963152527809143,0.0,0.7963152527809143,2,False
d011f41b,9298ad5b,0.7861767411231995,46a301e9,0.7861767411231995,0.0,0.7861767411231995,3,False
d07aed8f,1bcb2fcf,0.9388092756271362,46dfcfca,0.9386972784996033,0.00011199712753295898,0.9371797442436218,7,False
d085e611,4936af16,0.9313298463821411,cb879f40,0.9312919974327087,3.784894943237305e-05,0.9312467575073242,5,False
d0a0e7b5,5f4d2a52,0.7347400188446045,14fee784,0.7347400188446045,0.0,0.7347400188446045,9,False
d0a43760,463c38f2,0.6956484913825989,d41beaf2,0.6750333309173584,0.02061516046524048,0.6750333309173584,4,False
d0cb63ae,19137a89,0.8819429278373718,0dc5e64d,0.8810726404190063,0.0008702874183654785,0.879856526851654,21,False
d114d9c2,f8afa78a,0.749913215637207,4f69febf,0.7495284080505371,0.0003848075866699219,0.7495284080505371,14,False
d1457cc5,6d1d74e1,0.6269306540489197,28f4eda9,0.5969350337982178,0.029995620250701904,0.5098865628242493,14,False
d1ecf309,0e5e560d,0.8570716381072998,09ec2ca9,0.8550339341163635,0.0020377039909362793,0.8389800190925598,23,False
d1ee630d,12f0cd90,0.8315801620483398,14ad5efb,0.8303545117378235,0.0012256503105163574,0.8242905735969543,15,False
d217e0c5,1a730ac2,0.8735647797584534,3a86fe8d,0.8695862293243408,0.003978550434112549,0.8487166166305542,18,False
d24ff243,5def1ce5,0.8829007148742676,4654e7de,0.8827893733978271,0.00011134147644042969,0.8806263208389282,51,False
d273674e,8a3da6d1,0.9033487439155579,84815d5a,0.9030758142471313,0.00027292966842651367,0.9006078839302063,12,False
d2f3b1ab,729f4217,0.8049867749214172,dafc88c3,0.7933952212333679,0.011591553688049316,0.7867150902748108,49,False
d3df146b,5693dde2,0.8051785230636597,5f6756c5,0.8014833927154541,0.0036951303482055664,0.8014833927154541,4,False
d40f61d5,75cd5f11,0.7672802209854126,be83e781,0.7672802209854126,0.0,0.7646101713180542,35,False
d41beaf2,9efc812e,0.8986960649490356,d0a43760,0.8986834287643433,1.2636184692382812e-05,0.8985073566436768,5,False
d463e527,53134831,0.6806967854499817,2e29e833,0.6806476712226868,4.9114227294921875e-05,0.6555951237678528,15,False
d4f60a28,c3957531,0.8842357397079468,a6f967fb,0.8838405609130859,0.00039517879486083984,0.8838405609130859,3,False
d50c649a,bffe3082,0.8274690508842468,8b12bab6,0.8258645534515381,0.0016044974327087402,0.8258645534515381,8,False
d543916f,d543916f,0.9267480373382568,30d75030,0.9267480373382568,0.0,0.9267480373382568,1,True
d5df0ff5,3ef98781,0.8576017022132874,e2fc7745,0.8576017022132874,0.0,0.8576017022132874,4,False
d60430e6,463c38f2,0.5757253766059875,77e4821c,0.5696489810943604,0.006076395511627197,0.22022958099842072,296,False
d63196fe,58fa8486,0.8309456706047058,75d20a82,0.8309456706047058,0.0,0.8309456706047058,11,False
d6c320d9,7cd4bb31,0.8732275366783142,0a57a29c,0.8726475238800049,0.0005800127983093262,0.8718125820159912,46,False
d6dd7330,7bb17b96,0.8850047588348389,7b38844c,0.8836455941200256,0.0013591647148132324,0.8741036057472229,26,False
d7ba4f9d,41fb0192,0.7124377489089966,113011eb,0.7120584845542908,0.00037926435470581055,0.701714038848877,19,False
d7eb0be8,03a935ae,0.8763284683227539,81bf5923,0.8730872273445129,0.003241240978240967,0.8730872273445129,5,False
d84b621b,3d96d897,0.7817118763923645,87aa3730,0.7807861566543579,0.0009257197380065918,0.7677565217018127,33,False
d90aa14c,d00e7eb9,0.8788654804229736,d90aa14c,0.8781744837760925,0.0006909966468811035,0.8781744837760925,2,False
d924e971,7bb17b96,0.8424460887908936,7b38844c,0.8397589921951294,0.00268709659576416,0.819882333278656,9,False
d9ae59b2,ee288beb,0.7137184143066406,807f0298,0.7134526968002319,0.0002657175064086914,0.7133492231369019,14,False
d9d6d94d,19fb4f7b,0.7251750230789185,ccedb12b,0.7251750230789185,0.0,0.7251750230789185,4,False
d9eca87b,f8afa78a,0.6514443755149841,d114d9c2,0.6510241031646729,0.0004202723503112793,0.617962658405304,23,False
da2d4d7c,2ab29395,0.7493062019348145,cdc31d65,0.745510458946228,0.0037957429885864258,0.745510458946228,35,False
da3bfe4e,f8afa78a,0.6029937863349915,d114d9c2,0.5999356508255005,0.003058135509490967,0.5990612506866455,15,False
da3cf798,35b3ef6a,0.9040156006813049,8c167025,0.9036610126495361,0.00035458803176879883,0.9030092358589172,10,False
da940160,512943b2,0.8729908466339111,6d590e26,0.872402012348175,0.000588834285736084,0.8717721104621887,18,False
dafc88c3,8bb9c1e6,0.8196676969528198,0d99f8e4,0.8196676969528198,0.0,0.8196676969528198,60,False
dbee6c86,41fb0192,0.8569139838218689,113011eb,0.8552975058555603,0.0016164779663085938,0.847812294960022,11,False
dc5fbe29,9314ff13,0.896367073059082,cc8a1d57,0.8956246972084045,0.0007423758506774902,0.8944060802459717,13,False
dc7da28f,c42fe306,0.9601711630821228,fb3848a1,0.9601711630821228,0.0,0.9601711630821228,5,False
dc7f9757,19137a89,0.8404245376586914,0dc5e64d,0.8383557796478271,0.002068758010864258,0.8269936442375183,16,False
dd168de0,a08d9e63,0.7811316847801208,3407f5bf,0.7811009883880615,3.069639205932617e-05,0.7744215726852417,22,False
dd64382d,05948241,0.8920769095420837,8b5be31b,0.8919332027435303,0.0001437067985534668,0.8918587565422058,7,False
dd6bc5b2,a4f989c2,0.9401970505714417,d011f41b,0.9401970505714417,0.0,0.9175309538841248,11,False
dd7d638e,24d8997e,0.8948883414268494,cc08aa63,0.8947904109954834,9.79304313659668e-05,0.89476478099823,17,False
ddc790ff,c8d9680c,0.8590925931930542,12f0cd90,0.8454778790473938,0.0136147141456604,0.8226163983345032,22,False
df71d1ff,d114d9c2,0.7605738043785095,f8afa78a,0.7559595704078674,0.00461423397064209,0.7128568887710571,18,False
df73b8f3,4a035ec2,0.7430821061134338,3b21ea64,0.74308180809021,2.980232238769531e-07,0.74308180809021,13,False
df8290be,5def1ce5,0.7811609506607056,87aa3730,0.7811397910118103,2.1159648895263672e-05,0.776231050491333,45,False
e0079ed1,684a6fc1,0.8201211094856262,ea3a0e38,0.8201211094856262,0.0,0.8201211094856262,12,False
e03b45fd,9ae248be,0.8082070350646973,1fdbba44,0.8075243830680847,0.0006826519966125488,0.721997857093811,7,False
e0f36d98,3a86fe8d,0.937829852104187,1a730ac2,0.9365177750587463,0.0013120770454406738,0.9267129302024841,19,False
e149204f,f8afa78a,0.8118098974227905,4c3df468,0.8108727931976318,0.0009371042251586914,0.8107286691665649,18,False
e14d641e,87aa3730,0.7907531261444092,d2f3b1ab,0.7906951904296875,5.793571472167969e-05,0.7840564250946045,37,False
e161bd0c,2ab29395,0.8491585850715637,015fe0d2,0.843310534954071,0.005848050117492676,0.8170399069786072,30,False
e201fd6d,1bcb2fcf,0.6115939021110535,3e678ea7,0.6060661673545837,0.0055277347564697266,0.602043628692627,8,False
e25f1537,35b3ef6a,0.8792886734008789,b8c49c1a,0.8787596225738525,0.0005290508270263672,0.8787596225738525,7,False
e2fc7745,62569ae3,0.852726936340332,12203f2a,0.8526654839515686,6.145238876342773e-05,0.8522815108299255,5,False
e32da4ec,2b06ad65,0.7524350881576538,29de15c8,0.7524350881576538,0.0,0.7524350881576538,3,False
e3b34f5b,a15bc102,0.8120116591453552,f6bc699b,0.8120116591453552,0.0,0.8120116591453552,12,False
e45a2a62,f9fc81aa,0.789834201335907,4654e7de,0.7897235751152039,0.000110626220703125,0.7889482975006104,30,False
e46f4ef4,3e678ea7,0.5590957403182983,1bcb2fcf,0.5589068531990051,0.0001888871192932129,0.5454307198524475,6,False
e4726608,a0e92ed6,0.8662601709365845,69e41fa6,0.8661090731620789,0.00015109777450561523,0.8597360253334045,5,False
e5864244,c3957531,0.7293804287910461,2fa01aa6,0.7293804287910461,0.0,0.7293804287910461,8,False
e5c92e59,5693dde2,0.8361080288887024,53134831,0.83486407995224,0.0012439489364624023,0.83486407995224,16,False
e5ff9fd2,1d3fbf02,0.8346551656723022,000d7d20,0.823826789855957,0.010828375816345215,0.7895862460136414,9,False
e6c55748,87aa3730,0.8761443495750427,5def1ce5,0.8758144974708557,0.0003298521041870117,0.874774694442749,37,False
e730c32b,9e3e364d,0.7914833426475525,9da441ba,0.7857043147087097,0.0057790279388427734,0.778692901134491,19,False
e737965a,11d0f5ac,0.7172244787216187,fb3848a1,0.639115571975708,0.07810890674591064,0.639115571975708,4,False
e748dd88,ed6e6e54,0.850243091583252,7b38844c,0.850243091583252,0.0,0.8433899879455566,26,False
e7818f7a,807f0298,0.7969319820404053,f72b268f,0.7969091534614563,2.282857894897461e-05,0.7968794703483582,16,False
e7c36e81,77e4821c,0.8639218807220459,b4f37e6e,0.8629964590072632,0.0009254217147827148,0.7811881303787231,20,False
e7d0c1de,c66be2b8,0.9058210253715515,4ed93db6,0.9058210253715515,0.0,0.9058210253715515,17,False
e85074c5,91b301ce,0.6769888997077942,9283ae69,0.6769888997077942,0.0,0.6769888997077942,4,False
e97032ad,77e4821c,0.8295115828514099,b4f37e6e,0.8277220726013184,0.0017895102500915527,0.738540768623352,21,False
e9949a23,9314ff13,0.8247111439704895,cc8a1d57,0.8216571807861328,0.0030539631843566895,0.8158432841300964,8,False
ea0b99b7,113011eb,0.7932400107383728,41fb0192,0.7893466353416443,0.0038933753967285156,0.7808574438095093,21,False
ea3a0e38,684a6fc1,0.9317770600318909,15e154a1,0.9317770600318909,0.0,0.9317770600318909,12,False
ea41324e,c8d9680c,0.8127949833869934,12f0cd90,0.8013801574707031,0.011414825916290283,0.7811880707740784,20,False
eabc711b,bffe3082,0.7747437953948975,a87433c9,0.7673115134239197,0.007432281970977783,0.7127028107643127,15,False
eac10e86,a4cdbb0f,0.8459533452987671,e149204f,0.8459165692329407,3.6776065826416016e-05,0.8450958132743835,24,False
eafb863e,b4f37e6e,0.7373488545417786,77e4821c,0.737061619758606,0.0002872347831726074,0.7190322875976562,20,False
eb06a4e7,9e3e364d,0.8506691455841064,9da441ba,0.8437494039535522,0.006919741630554199,0.8355624675750732,25,False
eb640a35,8cc800b3,0.9268066883087158,cb879f40,0.9266177415847778,0.00018894672393798828,0.9250285625457764,12,False
eb934281,eb934281,0.9491745233535767,f07d7037,0.9491367936134338,3.7729740142822266e-05,0.9491745233535767,1,True
eba6605e,368fe682,0.8541713356971741,eba6605e,0.8526178002357483,0.0015535354614257812,0.8526178002357483,2,False
ebe69318,87aa3730,0.8354224562644958,5def1ce5,0.8352023959159851,0.0002200603485107422,0.8281210064888,20,False
ec0d597b,c42fe306,0.9493118524551392,dc7da28f,0.9493118524551392,0.0,0.9493118524551392,4,False
ec13af42,73b1447d,0.8829878568649292,ab112491,0.8829878568649292,0.0,0.8829878568649292,18,False
ecdab904,3417285d,0.7927334308624268,10b89021,0.7927334308624268,0.0,0.7927334308624268,8,False
ecdaf714,93f5d2e6,0.8345378637313843,3407f5bf,0.7933208346366882,0.041217029094696045,0.7795135378837585,18,False
ed6436d6,2ab29395,0.8289036154747009,015fe0d2,0.820286750793457,0.008616864681243896,0.8088042736053467,20,False
ed6e6e54,466fc788,0.8274993896484375,7b38844c,0.8274993896484375,0.0,0.8274993896484375,8,False
edf885a3,2ab29395,0.801809549331665,ba48188d,0.7903744578361511,0.011435091495513916,0.7639099359512329,19,False
ee0300f7,3e678ea7,0.7673746347427368,1bcb2fcf,0.7656251788139343,0.0017494559288024902,0.7455058097839355,9,False
ee288beb,3f603129,0.8429467082023621,d0cb63ae,0.8415675759315491,0.0013791322708129883,0.8415675759315491,10,False
ee4aecac,000d7d20,0.645796537399292,ff0aea78,0.645796537399292,0.0,0.645796537399292,12,False
eeda36f5,ffefef30,0.702654242515564,bd8f847e,0.702654242515564,0.0,0.702654242515564,13,False
eeed308d,18d24f7b,0.7746231555938721,f03f10fe,0.7746231555938721,0.0,0.7746231555938721,3,False
ef04658e,a783cc24,0.8790522813796997,a2e8e7f6,0.8719028830528259,0.007149398326873779,0.8664668202400208,9,False
ef8e3ed0,32fe84c9,0.8808555603027344,eb934281,0.8808555603027344,0.0,0.8808555603027344,8,False
efde6ac3,4936af16,0.904068112373352,cb879f40,0.9035634398460388,0.0005046725273132324,0.9034320712089539,13,False
efe96181,94467f50,0.9011531472206116,efe96181,0.9011531472206116,0.0,0.9011531472206116,2,False
f0188a48,8d92cb49,0.801421046257019,1590af81,0.7979755997657776,0.003445446491241455,0.7929450869560242,7,False
f021b650,5693dde2,0.7418578267097473,2f19d536,0.717413604259491,0.024444222450256348,0.6449559926986694,38,False
f03f10fe,3d96d897,0.7449723482131958,87aa3730,0.7402715086936951,0.004700839519500732,0.7368465065956116,21,False
f053a1b9,2ab29395,0.819924533367157,6e6d122c,0.8183531761169434,0.001571357250213623,0.8055948615074158,27,False
f074d277,7bb17b96,0.5070744156837463,7b38844c,0.5032140612602234,0.0038603544235229492,0.4978213310241699,5,False
f07d7037,c9fedcf3,0.8758652806282043,eb934281,0.87444669008255,0.0014185905456542969,0.87444669008255,3,False
f08774c3,9314ff13,0.7791787385940552,cc8a1d57,0.7756820321083069,0.003496706485748291,0.7679123282432556,9,False
f140c2fa,cc8a1d57,0.5240839719772339,ad2133a8,0.5239993929862976,8.45789909362793e-05,0.5234693288803101,10,False
f16e25e3,14fee784,0.8520253896713257,3aaa2b30,0.849224865436554,0.0028005242347717285,0.8239489793777466,18,False
f2d4c8c9,8bda1a11,0.7832798957824707,d114d9c2,0.7776578068733215,0.00562208890914917,0.7539620399475098,20,False
f321a31c,13f598d9,0.8860262632369995,9bd2bba3,0.8860262632369995,0.0,0.8860262632369995,5,False
f40cd091,a87433c9,0.7250025272369385,eabc711b,0.6889986395835876,0.03600388765335083,0.6889986395835876,10,False
f439a621,3407f5bf,0.933665931224823,a08d9e63,0.9336618781089783,4.0531158447265625e-06,0.9330936074256897,8,False
f49fdea3,02e7fe5a,0.7108330726623535,6ae68655,0.7108330726623535,0.0,0.7108330726623535,10,False
f4d12d23,77e4821c,0.8262625932693481,b4f37e6e,0.8233367204666138,0.002925872802734375,0.7385348081588745,22,False
f56d3ace,861e71df,0.9158709049224854,4ed93db6,0.9158411622047424,2.9742717742919922e-05,0.9141783118247986,11,False
f5859199,f5859199,0.6703481078147888,7224331b,0.45573920011520386,0.21460890769958496,0.6703481078147888,1,True
f5d8aab6,fb73b13a,0.9368662238121033,4121c517,0.9368662238121033,0.0,0.9368662238121033,4,False
f631da6e,0c1b160c,0.7584629654884338,dd6bc5b2,0.7584396600723267,2.3305416107177734e-05,0.7584396600723267,4,False
f6824bb0,3d96d897,0.8212226033210754,87aa3730,0.820754885673523,0.00046771764755249023,0.7851278781890869,48,False
f6bc699b,e3b34f5b,0.9094449281692505,a15bc102,0.9090536236763,0.00039130449295043945,0.9090536236763,5,False
f6d009f4,529e88ca,0.8591386079788208,bb682ebd,0.8590584993362427,8.0108642578125e-05,0.85340815782547,14,False
f72b268f,dc7f9757,0.7875613570213318,d0cb63ae,0.7875613570213318,0.0,0.7875613570213318,7,False
f8662c22,1d3fbf02,0.7641848921775818,000d7d20,0.7577280402183533,0.006456851959228516,0.7431361079216003,11,False
f88ddb26,6ae68655,0.7852662205696106,3417285d,0.7852662205696106,0.0,0.7852662205696106,6,False
f8afa78a,6d1d74e1,0.6620199084281921,98bc6f66,0.6610666513442993,0.0009532570838928223,0.6610666513442993,6,False
f8f59188,12f0cd90,0.8842831254005432,14ad5efb,0.8838562965393066,0.00042682886123657227,0.8821130394935608,18,False
f9fc81aa,729f4217,0.5563908219337463,3d96d897,0.5430673956871033,0.013323426246643066,0.5423007607460022,51,False
fa16d114,28f4eda9,0.7223411202430725,3ac16ad0,0.7223411202430725,0.0,0.7223411202430725,3,False
fa31da94,5693dde2,0.7718298435211182,3a0af893,0.7482095956802368,0.023620247840881348,0.7433340549468994,14,False
fa667be2,0dd99dc5,0.7138912081718445,fa667be2,0.7138912081718445,0.0,0.7138912081718445,2,False
fae0c593,d543916f,0.9342349767684937,8cc800b3,0.933902382850647,0.0003325939178466797,0.9255062341690063,20,False
fb03ae90,59f8b2e8,0.7242479920387268,5a63b5d1,0.717756986618042,0.0064910054206848145,0.7131308317184448,3,False
fb0904bd,e0079ed1,0.887823760509491,e3b34f5b,0.8858247995376587,0.0019989609718322754,0.8803499341011047,11,False
fb3848a1,11d0f5ac,0.7707222700119019,d00e7eb9,0.7515490651130676,0.01917320489883423,0.730254590511322,8,False
fb73b13a,529e88ca,0.8945289254188538,bb682ebd,0.8944916725158691,3.725290298461914e-05,0.8920226693153381,14,False
fba7683c,a87433c9,0.8233049511909485,bffe3082,0.7961648106575012,0.027140140533447266,0.7502169013023376,16,False
fbd68d27,729f4217,0.6689336895942688,0a57a29c,0.6563559770584106,0.012577712535858154,0.643893837928772,49,False
fc03f21f,d50c649a,0.9022974967956543,8612b37f,0.9003379940986633,0.001959502696990967,0.8949999809265137,14,False
fc0d20b2,e25f1537,0.7529637217521667,da3cf798,0.7529637217521667,0.0,0.7529637217521667,19,False
fcfcc902,5397ceb1,0.8360640406608582,a4719920,0.8338611721992493,0.0022028684616088867,0.8278993368148804,15,False
fd3b4faa,14ad5efb,0.8404706120491028,c908edd0,0.8403931856155396,7.742643356323242e-05,0.8254632949829102,32,False
fd710aea,6e6d122c,0.8654119372367859,2f19d536,0.8647733330726624,0.0006386041641235352,0.8551419377326965,28,False
fd8f77fa,c908edd0,0.8712490200996399,b977be4a,0.8712490200996399,0.0,0.8696510791778564,26,False
fde20ecf,2b06ad65,0.8361832499504089,52f1e77a,0.8338513970375061,0.002331852912902832,0.816184937953949,12,False
fdfd57da,f8f59188,0.8726343512535095,fdfd57da,0.8726343512535095,0.0,0.8726343512535095,2,False
febb4411,2fa01aa6,0.8057725429534912,e5864244,0.8038747906684875,0.0018977522850036621,0.8008061051368713,5,False
fef8af96,93f5d2e6,0.9208941459655762,37344c2a,0.9206722974777222,0.0002218484878540039,0.9206722974777222,22,False
ff0aea78,00e12e8b,0.8258945345878601,ff0aea78,0.8258945345878601,0.0,0.8258945345878601,2,False
ff8bb73a,cf50c9d1,0.936471700668335,38991fd4,0.9364334344863892,3.826618194580078e-05,0.936334490776062,8,False
ffefef30,1fdbba44,0.8380213975906372,bd8f847e,0.8279401659965515,0.010081231594085693,0.7715069055557251,11,False
