well_id,nearest_well,nearest_xy_distance_ft,nn5_xy_distance_ft,nn10_xy_distance_ft
000d7d20,ff0aea78,286.35012432341506,5400.564125070756,7195.7169295352
00bbac68,155887bb,894.9977029019811,3611.3970898391776,5488.819645442585
00e12e8b,42669188,415.90193904323473,5233.091732207728,9211.364797954748
015fe0d2,8b9d8326,1024.9654780529668,5534.837360031406,6899.3257847560635
01869cd4,1295a25b,1221.7383720337334,2416.0870294340357,7491.23618733903
01982c1d,89969c7a,989.7280447172292,2301.423836084982,3434.1858944006653
028d7b28,d7ba4f9d,183.81673726823755,3470.969296896728,4255.089823188248
02e7fe5a,7993a768,499.577358173751,3923.797926117173,6627.426364615668
0390d174,1b82b665,535.4658855610782,1698.2195022137864,3384.449060305134
03a935ae,d7eb0be8,1391.4420092118592,5801.543768687567,6366.83712288114
044af7d1,7e208414,975.5498979547596,1970.9090817433992,2558.8759585805624
0498acab,1a730ac2,1299.2180773450525,3531.7252191670773,5072.330764066838
052d64df,283269ac,488.6614830328947,4643.383437645541,5981.641114025584
05948241,74b6186b,580.5299663238883,3148.632145932748,5316.870115039316
059c8f24,543198e8,13124.275654774017,13472.949151900426,16642.21791595072
05a0ee4d,939d9c34,940.9873577259472,3702.272497277864,5525.5065514213875
060ab2b8,fb3848a1,520.6750182214088,1477.1167455890127,2148.784945032983
06df5958,be83e781,465.5454319399353,1709.6394680752423,2280.6530420912254
071d7b45,e3b34f5b,4502.632505213223,6642.663777130258,8229.685779202404
0849b4e2,69e41fa6,318.3088281840483,2727.4466521638738,4848.742324613607
084d66f9,fef8af96,882.5499177384439,2279.166409369849,2962.585516419711
08fecf00,69e41fa6,264.647157740475,2317.667762428317,4579.642562689863
09053135,5397ceb1,783.0184716211629,2388.7875800288675,3522.6711706458605
09441b8d,7c607683,422.98319139185577,1380.2741241144176,2095.3465718108982
0955cd6c,1e5e3573,423.5689078533346,1875.8179792825317,5296.252900164271
09ec2ca9,d1ecf309,693.5977377414837,2419.8956933927097,5694.451631000084
0a57a29c,4caa7289,368.0496152697169,2141.6508096794096,3014.3042350930655
0bbf5e67,5eae34a8,925.3623822588972,4514.2027036455565,7478.955420538382
0be01c24,593876b6,227.0427316606714,1916.424432869603,2359.4730992531313
0c1b160c,a612d5a0,936.8875612899209,2153.449793656712,5800.482645168529
0d99f8e4,2cee0cba,467.7877344482684,4383.183938827997,7992.444150101977
0dc5e64d,e7818f7a,515.416979541718,5332.6935870721145,6105.4614289258325
0dc835f3,fae0c593,255.6101695946187,1730.1116414843607,2571.8583689230427
0dd99dc5,13f598d9,222.91910999312654,1457.3876871990053,1989.5757523904851
0e5e560d,4121c517,2155.0943098853086,2691.0517979779515,6255.291110284308
109d9d70,e5c92e59,305.81890147636824,3175.0507321460295,5733.836180682546
10a1281a,b32e4903,375.7711401904237,1827.5547263489407,2158.065766491094
10b89021,3417285d,184.5267072815087,3424.165627842637,5000.681585164358
10be2420,8b5be31b,361.7195500660817,2449.402008858247,5023.621271801552
113011eb,c70c0e01,600.9463154062939,2872.9237377970794,5155.869851392922
1131525f,ebe69318,982.9869502693208,1828.3018640257744,2280.6530420912254
11d0f5ac,9d5e14d4,762.1837788880036,2932.1343582445857,4381.826104308596
12203f2a,e2fc7745,376.99435539557396,2393.528078318878,2783.048012413519
122bd617,05948241,765.9665332114466,2976.0032355493368,5375.316250807663
125be846,516088b7,361.4846338366731,1510.5718698889832,4973.025720072271
1285a37b,27300fd5,296.39815923844986,5799.485165641732,6787.423515885894
1295a25b,f8662c22,705.4714077835548,2713.2547074685376,7384.989684447807
12f0cd90,b95e7121,432.81827549193974,2621.5315942403486,3334.939970448933
137d1e44,5f75f796,377.86990195023014,3205.912308048889,4734.205057514748
13ce113d,2075c696,4945.2110100684085,6246.956816922963,10040.100985572753
13f598d9,0dd99dc5,222.91910999312654,1623.2718583462527,2210.3793323548653
14a53cb3,2d196986,354.0918290498438,2780.062761953391,3360.4645160007008
14ab73fb,eba6605e,364.8865967667104,6905.049663919907,7349.139248442786
14ad5efb,9da441ba,368.8054937223837,1969.4746924244198,2653.0231420966693
14fee784,84633df4,555.1596517219806,2379.4002059552895,3549.4757423175333
153552f5,925a7cd1,450.72705576645023,2699.6262574661014,4216.639520044475
1550491d,c2717d4f,224.2661590609886,2468.735967494248,3937.835757633912
155887bb,00bbac68,894.9977029019811,3880.0093533906406,6017.125383170681
1590af81,45fb3e21,516.4295007067172,2289.078438935338,3531.7252191670773
15e154a1,bcebcc5f,2.0096019504267546,2521.0569454895513,5693.811642976789
1619e2ca,272abef3,1811.817678603564,4046.9223578543006,5101.20301208432
16e4a047,699ea575,284.5045772920473,2098.743949556232,4176.331709395089
173ed841,204cc64b,193.25627881160733,1663.3950680461812,3711.651521317683
1770d7c6,4b831d20,285.2699116625179,819.9864221437007,2489.6932735781584
177622d7,abf460d2,181.56243003458152,2232.5980064712267,3611.3970898391776
18d24f7b,b585b4fa,359.5348335002221,1260.2243458208063,2114.726746721532
19137a89,f72b268f,355.9682206320999,3561.938871934945,4623.447086190188
1944513c,1550491d,248.0297177758107,2649.534697356992,4038.586743899389
197f8a5a,98bc6f66,1214.210615708847,2970.211507957005,4032.513721861289
19871e7f,79507629,349.80161263205054,2775.369933468393,4860.418839369634
198a5607,633774dc,397.44666874929624,1736.8351806664684,6514.222873252262
19fb4f7b,1285a37b,363.14906718862926,5514.388050590728,6743.744698608073
1a518997,fbd68d27,364.3586542130782,936.2948853860734,1648.543147448716
1a68190b,1d78281a,491.64476942221995,2370.147577261881,2890.465062321524
1a730ac2,0498acab,1299.2180773450525,3579.4887360208686,4249.511675722326
1aaf1da0,43b06c70,332.3307713709122,1520.0379162708143,3757.647969900632
1b08ed48,b7974e66,296.605667679998,3006.220264800867,5790.602061867331
1b1c5372,944f36b9,368.272560069189,1011.3888285422952,2934.4673597263986
1b1eba53,727a3a10,1572.5243182220636,2920.0513004397826,3504.499705193447
1b6ba517,cc8a1d57,1166.0966533697622,1984.2943558102238,3561.729314026728
1b82b665,0390d174,535.4658855610782,1408.6962875297427,3458.699851100241
1bcb2fcf,be35c8f2,971.4948453802025,2517.1659250235807,3300.0995980272596
1beca81d,5aa03df7,1285.9054810130888,6526.562012407417,6711.190913697877
1d3fbf02,8cc21f01,354.3082392494811,6879.457513757851,9202.205479845552
1d78281a,1a68190b,491.64476942221995,2027.8285798360532,2830.860930688686
1e30dedf,ae8959c3,532.5133538231504,2188.5875862071853,3165.7220087997407
1e5e3573,0955cd6c,423.5689078533346,1602.2088527091128,5135.67780190681
1f9afacb,72dd8501,473.6786575306739,1313.6013386488532,2959.4877336459062
1fdbba44,9ae248be,390.47265000264747,2405.8354867281005,3700.7678385575196
1fee2b62,c593337f,1884.9611784331646,5158.598275820503,5574.0256310856
20096916,22c5f93f,341.17622250076397,3857.4354955072463,5139.535825003818
200d233d,c6797dd7,386.49207702121697,3846.9640255791837,4181.696460110378
201661b5,d463e527,2334.1781904988497,5622.122756193004,7709.371373238199
203721ab,b19b0395,696.5944327224925,1707.923661906577,2358.892684566218
20402d71,f2d4c8c9,509.36148303536794,1640.5986785926373,2138.48333126546
2043abc5,516088b7,1166.0133293405029,2099.47168044719,4489.11209216244
204cc64b,173ed841,193.25627881160733,1478.653286101793,3651.9456874381713
206b6193,9298ad5b,3407.1891538332666,4456.5031872199115,5805.209863320804
2075c696,0bbf5e67,4514.2027036455565,5157.051321559395,6421.669987066928
22c5f93f,20096916,341.17622250076397,3538.2463457480903,5478.6720001927
230eaaa3,3ef6372a,479.32745018387476,2870.967670472685,5286.015018234446
2364716c,f6bc699b,794.3876208126484,5085.398483786467,7582.002267369605
23b9beb0,53f23031,1.6972919608523511,2600.839215887936,5588.153011729414
24d8997e,62a6f539,413.8535644403322,1121.0458871070857,2296.088886955456
25050f63,4f69febf,844.6638133597188,1670.622695314764,2575.7367211149767
25939962,ab3ced07,320.0152766664527,1676.3369286928312,3171.666365824161
25fd32b3,37344c2a,936.5352534206362,1715.164624927061,2500.2482616130487
261785ee,cd7f1687,695.3698354830464,2289.078438935338,3250.3244406829376
264feceb,2ee0235b,349.58287057564905,1473.7736084283797,2215.0747761646094
26623a50,1944513c,4038.586743899389,4625.904515281201,5104.789995680547
26d3a96a,ccedb12b,277.4386004147121,1005.3455526333662,3594.944890662252
272abef3,d217e0c5,561.1533097112907,4110.28639747875,5288.0703683102965
27300fd5,1285a37b,296.39815923844986,5891.937338168258,6548.472814939347
276b012a,a48640d9,866.4690753857367,2556.201898325103,3064.6842576195804
27c3155b,57f05c51,177.5265402692735,694.9741898087211,4243.940111971609
27ebb9b9,5663b2b7,204.13610067804805,1143.2122064606367,2566.2148403629694
283269ac,052d64df,488.6614830328947,4398.4892141849095,6469.699710032933
28473855,bcebcc5f,4910.9970629700565,5343.582000568646,8621.188992087958
28f4eda9,c59b6c4a,591.8323564151264,1825.7487479386257,3009.9305998145746
29b24409,cdc60a53,360.21565610026494,1436.3196103931923,2270.685362792414
29de15c8,3ef98781,231.957238515893,1105.6297760549123,2321.6937046905923
2ab29395,da2d4d7c,419.007224042881,1998.4265299478711,4468.067960472201
2ac7cb6b,fae0c593,760.6738218182085,1835.0488208220545,2519.56510820806
2acc78d4,044af7d1,1384.3756460226205,2381.7347464819677,3293.628968691102
2b034622,ab6fe95d,569.2689421530062,12953.949933024118,19486.492295384884
2b06ad65,4c3168cf,224.21150193497675,569.9558987322546,2171.453605329941
2b547943,da2d4d7c,437.61837712760666,1922.299390885702,3790.384944302982
2be5c96a,647f2a41,841.9965204800545,3792.2832079105,4977.87639526139
2bff06cf,65156b96,1075.23314722903,2802.3697193803305,4439.165333224287
2c0c4a4e,7271dd80,897.7661495066902,1877.9366580638666,6312.29144584607
2cee0cba,0d99f8e4,467.7877344482684,4796.322201823201,8221.508208108917
2d0c268a,c96c018a,1978.9305937297336,2356.208607488041,3231.272327799121
2d179ded,d1457cc5,711.7088519892978,4944.581882313007,14483.597750838764
2d196986,14a53cb3,354.0918290498438,2753.9463137287507,3389.183100586495
2d2d0c6b,77e4821c,801.3212153064698,1630.8219283538804,2701.402917929982
2d35f86d,8612b37f,931.5109980024944,2521.6043119013934,4286.118797758468
2d9f6cb9,dbee6c86,265.5382550591852,534.4904490262868,1677.3686780192918
2ddad940,ee4aecac,171.4618922675074,3783.6935298991275,6879.457513757851
2e29e833,a3518960,899.641130673837,3395.6048289813416,4763.617607921561
2e43c2ea,b56bc0aa,645.0681075668999,1749.925779597541,2571.079274254401
2e63d9de,e201fd6d,2609.7111532505082,3492.5218335897266,7647.406949351944
2ee0235b,264feceb,349.58287057564905,1696.74102425802,2213.26083980181
2f19d536,8b9d8326,2756.4902670787087,4434.986385469634,5467.790648113743
2f8e53c3,89fdb2f2,1.6263455970583316,706.0593211621499,1970.9090817433992
2fa01aa6,febb4411,868.9992005749812,2651.728767125405,4020.599858329604
2fd68f7b,9a6b0392,402.92459766071954,1582.2443124874517,2254.3965011727055
2fe023be,8d92cb49,386.09260702595407,1734.902910050065,3870.6547427796013
30d75030,d60430e6,1594.0770253973606,2597.4084944035612,3569.2799980108794
310c71a5,811f52b3,321.0452754673761,980.288844167985,1805.2651707989414
32fe84c9,ff0aea78,1542.9955840829964,5835.299049149126,6803.525572414854
33c40295,7b2c7b3c,744.5001803895592,2355.5868325537035,3805.755221621755
3407f5bf,93f5d2e6,470.6860280484614,2466.561855802671,2969.626390524732
3417285d,10b89021,184.5267072815087,3548.6191231239673,4893.042057064464
347242c8,29de15c8,2779.252783483539,3265.725432809927,3750.0548997714404
353e5502,39b51819,2217.817740978834,3165.573935339574,4486.599680393035
357c12f9,ef04658e,249.44294277454404,2933.0178979677335,4030.3401799848953
3584a6eb,47222616,364.3745991422396,1357.7593128754831,2808.2446312955603
35b30c7f,e3b34f5b,431.7470677375699,4952.776097553826,6539.727822424742
35b3ef6a,c03b9305,1177.731394206714,5047.677557550732,6046.001716448653
367456ce,efde6ac3,714.6997000838559,2328.2781036850724,3022.713483362261
368131f9,f40cd091,682.6095510614645,2679.581605045708,5080.050778378276
368fe682,8a9c8932,756.8947816571191,1594.2931035414194,2089.5014816457556
3690a146,f03f10fe,330.575645352446,1466.483089435342,2132.2803302803945
37344c2a,e85074c5,793.0183777189642,1630.8219283538804,2717.4635392770783
373ef48b,be83e781,373.0152878902911,1749.9610587950383,2492.6444386836406
374be387,bd2c2f34,530.5960938418345,5466.014829004774,9796.894158834297
37d36812,fd710aea,250.79975279109343,1687.3915705905372,2920.002836179986
38991fd4,c6b782a4,338.7180718531244,2225.7921143715744,5263.719923447866
389ae58f,a056d01e,1668.5553899405259,5066.2936267945925,9202.205479845552
3932faa6,5663b2b7,819.754205417395,1506.8353720629973,2629.5952863509474
398dce4b,8b5be31b,411.46408603908486,2889.872492775132,5772.529385121965
39b51819,9ab94eeb,837.3552603884023,4457.92669402491,5232.61437467945
3a0af893,f074d277,418.32879520807955,2799.8268347881185,5622.122756193004
3a223519,ffefef30,166.2024659867429,797.6780937193798,3316.971651431371
3a7dd95d,504c8b08,6418.37144292069,7444.119428280285,8585.865537498346
3a824aa7,ab3ced07,593.6965814288097,1244.5629918970035,2920.002836179986
3a86fe8d,e0f36d98,488.51025987168305,3074.2697002865802,5985.455942616299
3aaa2b30,d543916f,329.1842318518888,1696.3521881966249,3429.228363932699
3ac16ad0,da3bfe4e,524.2798425456509,1833.102916068614,2821.372459017043
3b21ea64,fa667be2,154.42371093856846,657.7543262494704,2069.7691025331387
3bbe1f5d,7cd4bb31,869.4126856677775,1637.7783729489372,2359.3377674468506
3bfee975,86454a6f,543.115558330323,2036.5274776441645,3342.9252594246286
3c3dbcbc,20096916,369.6896787847604,4128.714519859662,4843.228728131883
3d96d897,f9fc81aa,334.5616363244416,1449.3830422975886,1830.8915777020043
3df4b19e,992c99e8,357.74264339061665,2084.4348613713637,2289.7733412938524
3e011332,60e37807,356.4982875131446,2293.517568125634,4544.884483471329
3e678ea7,e46f4ef4,457.23884885224845,2808.213434285435,5573.34795032573
3ef6372a,230eaaa3,479.32745018387476,3200.48919293586,4901.3159711755425
3ef98781,29de15c8,231.957238515893,944.276582892826,2325.201221400033
3f603129,f72b268f,871.9750317528811,2596.3885620800256,3649.6742211465294
404c4384,81fc01c6,331.12780266843083,2479.6922707865765,3451.8936027927543
4121c517,bb682ebd,190.15939629703664,967.3709901067085,5382.08041300931
41fb0192,4a035ec2,489.3403221684046,2449.671694656335,3202.6770930742173
42669188,00e12e8b,415.90193904323473,5080.374006803188,9156.303174737093
42c538a1,9314ff13,5261.756970081257,5807.084806079804,6193.123925677579
43b06c70,1aaf1da0,332.3307713709122,1198.479868208361,3935.021565442527
43c7f85a,f8afa78a,586.4069093216315,1669.1398631033505,2179.8139900690544
43e16325,a08d9e63,5394.3788686836315,6580.514779293407,8375.331509767231
44441e54,2f8e53c3,197.556764753787,867.4149049328859,2047.6709916389618
445af6c2,4fbe9c06,483.8404502518961,1292.7782456784958,1751.1052918942275
4463446c,b04b58a3,2684.5505229179535,4678.245442909055,6978.540920887466
44a94013,5305524b,593.4323271441332,2326.069353609008,3603.7975391106816
45fb3e21,1590af81,516.4295007067172,2794.4241238579616,3549.2179779353355
460f859e,bf39bc20,470.740880421433,2081.411236877477,2753.9463137287507
4630ab92,84815d5a,262.7573896202659,3155.3491143294063,4640.868412053801
463c38f2,55efee7f,478.4339373411212,1856.2224642536557,4140.108060195835
4654e7de,d6c320d9,387.00826619085956,1772.7721492059836,1923.4028676541136
466fc788,4cecf7b3,499.47347096719915,2798.242594272222,3577.1154651900524
46a301e9,54a7e3c2,1727.7165206422458,3156.204916699693,7034.305191630463
46a7190b,8c8348e8,305.557476753655,4578.810920752369,8743.46726034933
46d24a09,1fdbba44,425.07543295266885,2762.181466395891,4073.6044952843135
46d41ff6,ae0784a8,626.9871310484032,4846.228537790966,5803.6105657253665
46dfcfca,8c8348e8,288.33421250358856,4645.955879138531,8644.559847516794
47222616,3584a6eb,364.3745991422396,1210.4201532114869,2851.1907217160706
47ee27ab,78a4a386,0.0,2053.687406325584,4944.968371344595
481de5fc,ad2133a8,509.48294623061753,1345.1559163907177,3002.7705646952477
48c1f673,c472c0b5,179.11320805611047,2309.2760019539646,2888.52132469181
4936af16,940a48d9,409.8949159234524,2090.356217155272,2900.6579959727524
493b5b31,27c3155b,336.77924668832884,833.8222907193258,4310.668113100367
49dbc14c,4a335117,3359.5768155227647,4978.744894499129,5580.594952798201
4a035ec2,41fb0192,489.3403221684046,2500.9629618405943,3366.530883030779
4a335117,b4d8dd4f,3169.194950094132,4222.6659330926,4626.956922319576
4a8ecc0b,fba7683c,110.71120855667121,1351.7367857682918,4551.943327338494
4b462989,5542c301,394.4505571046908,2503.0401412083775,3055.0361340743025
4b831d20,1770d7c6,285.2699116625179,1077.9394049759771,2754.8538552163127
4c2208f5,a8ed028a,198.67452780859674,4426.315471461443,4899.909398550061
4c3168cf,2b06ad65,224.21150193497675,585.4158922509264,2334.6739783103876
4c3df468,6d1d74e1,469.3428635868442,2227.1518256735067,3026.46536236581
4caa7289,6ede926a,340.2287833208707,2321.8500667570934,2962.2063704778975
4cd1ac61,d50c649a,578.0663630589185,1630.1401272894911,3528.7797791871067
4cecf7b3,466fc788,499.47347096719915,2601.1227761296095,3365.4801556538137
4ddde4c1,f5d8aab6,308.41394164337316,922.6393302369443,4829.97189113964
4e050c92,5cb483ac,356.43527112200945,706.0593211621499,2612.3189090342926
4ed93db6,da940160,557.2799587278695,1409.0482071240162,2326.0775750823914
4f3eb9e9,3df4b19e,798.6425168373119,2106.723785406888,2733.3345975383645
4f4ac5ce,c42fe306,357.84054130304867,1709.139335806248,2148.784945032983
4f4afcc6,87aa3730,361.3440096364226,1583.3611776538035,2469.7784632025164
4f69febf,28f4eda9,650.2728811817782,1821.9171809111235,2843.827329849522
4fbe9c06,729f4217,384.468949721397,1199.112474499331,1629.9525227745462
504c8b08,95c8427f,601.6482461538604,2344.852115123808,3478.3991313819593
511e1db0,ce8399b7,0.031622776410252254,2794.229328920615,4263.345408854562
512943b2,fd8f77fa,398.91244177143506,2001.6681613592782,2315.590561822021
5138a660,7bb17b96,350.3506159549652,1159.845262179347,2178.7415572299083
516088b7,125be846,361.4846338366731,1166.0133293405029,5277.8321814357205
521a7819,f6824bb0,371.33993119522074,1065.0716176860421,1982.8508755072542
5254b6db,f140c2fa,427.93748375219207,2554.2464154620243,4002.984377536522
529e88ca,f72b268f,1980.861664655144,3367.076163320464,4987.431414916759
52f1e77a,fde20ecf,345.96467984450373,2096.3129781833377,2786.244201806459
5305524b,44a94013,593.4323271441332,1742.6681667489113,3465.627517045034
53134831,89f36adf,379.9525024265477,1654.0391749892356,4226.2290750148895
5397ceb1,09053135,783.0184716211629,2491.8486694419103,4300.960515605662
53f23031,23b9beb0,1.6972919608523511,2599.30674344139,5586.4960610116905
543198e8,ecdaf714,1139.3580469720841,4121.216189730964,5133.141100827227
54753541,b8c49c1a,533.1479862101726,3852.925467965713,5961.924200541394
54a7e3c2,198a5607,413.25350875693795,1793.2163258513867,6432.50539361615
5542c301,4b462989,394.4505571046908,2279.166409369849,2902.548350140068
5567d551,bb337fa0,273.79755239948133,3489.7553708678483,6680.390129513161
55efee7f,ae069086,457.55229296769966,2225.7921143715744,3739.676884237545
5663b2b7,75d20a82,0.0,1345.1559163907177,2759.594958848046
5693dde2,c99f9fae,2201.445599282155,4763.617607921561,5249.435372275743
56b00794,e85074c5,511.92547211504154,1617.5528926127877,1880.4615368042296
57796579,ab94878e,375.454408017682,2794.229328920615,3468.5509822114172
577eec7c,a85e4bc3,1143.6199652856712,10848.995697339744,18054.95398228682
57f05c51,27c3155b,177.5265402692735,535.6900344418486,4069.7241870306034
58850d2c,e201fd6d,1685.1002034600397,4578.810920752369,8249.744266060636
58fa8486,f140c2fa,399.61762336014067,1995.0473502651494,3262.4479175766805
591cc951,ae069086,454.2787465864464,2562.180434024753,3812.7449636188703
593876b6,0be01c24,227.0427316606714,1782.3801740927952,2219.7938348639495
59f8b2e8,6d6d93af,767.3820055878053,11707.21092831687,12904.91005905888
5a1a8fd8,9d072e4c,367.59483701484737,2679.581605045708,4286.080603686714
5a5269a9,a622ce4d,685.523304126334,2191.5587671336802,3076.9008827066345
5a5d1982,eeed308d,347.79773719804297,1450.98818968306,2280.4686979652697
5a63b5d1,7e721392,441.23799496385294,2578.5920314193945,12120.256160217858
5aa03df7,1beca81d,1285.9054810130888,5954.125749167756,7484.733854146019
5aa403d0,f439a621,418.81179376879686,2233.000981146163,2702.4051297502124
5aef5c6c,389ae58f,4194.894768119991,8050.679919292499,9991.665083723588
5b7b6324,aed44918,6376.447080514416,7046.165643312435,7307.480177359357
5bd25f59,c472c0b5,578.214856692618,1701.0135663772921,2390.010726879555
5beded95,3ef6372a,2397.182098256279,2832.5688652530566,5076.733253776557
5cb483ac,4e050c92,356.43527112200945,564.0658665439566,2257.3224585777625
5cdd8dbc,dd7d638e,477.3293424880024,2899.321258036081,3634.188085294658
5d11dfb5,82aab6d2,290.02856497245756,1352.524394456756,5091.054748566538
5d7198fd,e5c92e59,1266.3023146546855,1939.026391388285,5455.425364259076
5def1ce5,6a0ff78e,305.4760993923238,1292.7782456784958,2072.681589825132
5eae34a8,0bbf5e67,925.3623822588972,5074.816301788744,7025.132745173071
5f4d2a52,b95e7121,2021.5510495163376,2814.6506818787766,3493.463132909788
5f6756c5,9df1b1f9,1605.1788713412084,3979.496193741025,4626.042607196918
5f75f796,137d1e44,377.86990195023014,3546.4911231945966,5098.9238544026475
5fb1c15f,5542c301,825.9128783352468,2290.514986678743,3379.604778742803
5fffa282,e0f36d98,701.0508114251872,3846.8865778574923,5671.768817590987
60e37807,3e011332,356.4982875131446,2599.30674344139,4188.39171693633
61f27424,ecdab904,493.19124333272504,2603.641269031115,6261.3470835917515
62569ae3,08fecf00,447.57702945973125,2077.251510457989,4226.2290750148895
62a6f539,e7c36e81,334.646796638086,1026.9468025658905,2042.8804652500598
633774dc,198a5607,397.44666874929624,1882.6053209581335,6720.889660788937
63559d57,7987f2f2,300.7946598596388,2433.6895390537625,2811.3737472807607
647f2a41,729665c0,533.3154385539691,3412.819591510708,4751.418229255183
65156b96,2bff06cf,1075.23314722903,2569.0084323917386,3730.1758537769274
653612bc,89f36adf,467.446160001256,1602.2088527091128,3607.560947690322
656a067b,4121c517,519.4227349664418,888.1338284851208,4881.295392177957
65a5466a,944f36b9,367.1155552409272,1087.5548460652203,2462.3479536817135
660d9546,95b559e7,372.75451989231453,1563.2284164829643,3010.905024240985
6767c111,708caea9,517.9027223331664,1793.127667986659,3669.745232492422
67847288,0dd99dc5,314.4914434445728,1144.0530220229953,1965.3561875901585
67a8da4a,94d813a4,386.4894902839374,1107.4379188920627,3924.684815587068
684a6fc1,bcebcc5f,0.0,2522.902096653833,5692.174287440558
698930d1,a5aa7973,409.4722394743087,777.5183725803588,5305.746917767576
699ea575,16e4a047,284.5045772920473,2311.5065815393878,4396.146409777508
69c1bdad,283269ac,514.8686229514458,4133.322645330273,6955.084939847968
69e41fa6,08fecf00,264.647157740475,2411.2489276100805,4733.790455491594
6a0ff78e,5def1ce5,305.4760993923238,1019.1306650766999,1985.0122499621696
6a8fa194,992ce078,402.01409092231495,3666.543532934126,10589.07260830711
6ae68655,f49fdea3,854.2934649170992,5795.392348279878,7928.805306961549
6d1d74e1,4c3df468,469.3428635868442,2099.4105830447797,2862.5772760222185
6d590e26,cbe62450,194.0573804316173,2064.2125782488556,2682.776830543263
6d6d93af,59f8b2e8,767.3820055878053,11077.764044715934,12345.84011918183
6dbe4b60,512943b2,581.1677571925997,1772.6824657002446,2349.289790766632
6e6d122c,73b1447d,388.1974715269357,1467.0434270326223,2854.3780304121387
6e9ccd38,7ff89f8f,679.9106189787748,3128.504834581529,12745.819918271507
6ea22614,796dbd4c,440.2729267169588,1386.1127846248453,2778.798917698076
6ede926a,4caa7289,340.2287833208707,2064.9908366863788,2931.134839835847
708caea9,8995c945,469.0145239753142,1378.474571582394,3767.908644858668
70925e23,67a8da4a,7057.926234411786,7179.9264815316465,10178.61799560726
70e1788b,bd2c2f34,883.6034985215989,4061.6387619900634,10993.65585963108
71642c7d,73348914,270.17639645228417,1170.9666449563676,3812.181761878477
71ccf778,992ce078,402.4756315604136,2968.971258230672,10324.85829156481
7224331b,c43812e2,1248.7536543687756,2110.955283207399,4309.18657755727
722cf0d8,a4cdbb0f,655.2110934651109,1770.2440394761263,2925.6727022171854
7256229b,367456ce,1104.4484372302275,2200.1378693390866,4088.4582101326578
726f3dc2,78a4a386,266.8775114168998,2206.6460457897065,5195.955953671895
7271dd80,2c0c4a4e,897.7661495066902,2522.902096653833,6219.466783575736
727a3a10,81bf5923,624.4376450054283,3131.435771814645,3920.384939837168
729665c0,647f2a41,533.3154385539691,2927.2231999115525,4913.682214154589
729e9750,f8afa78a,537.7480567143069,1699.0278948858543,2347.5681973054507
729f4217,4fbe9c06,384.468949721397,1254.8429672272591,1641.8585873942138
72dd8501,1f9afacb,473.6786575306739,1384.918128446397,3278.149088647705
73348914,71642c7d,270.17639645228417,1379.0747535937999,4038.688824259449
739a914f,c9e980e8,1254.8250048911075,1731.1449906060266,2219.7938348639495
73b1447d,cdc31d65,283.5906036878374,1142.6743547049443,2857.135975938181
74b6186b,05948241,580.5299663238883,3451.8936027927543,5568.1200429318615
75c20ec7,153552f5,1363.4530283071042,3256.980585895623,4011.2106308446914
75cd5f11,1a518997,457.96286749037756,1155.5142744252003,1568.7527240451245
75d20a82,5663b2b7,0.0,1345.1559163907177,2759.594958848046
76201745,944f36b9,93.14817443201466,1198.357476590044,2765.8752198174425
764072a5,e14d641e,339.4394278804513,1620.9170676503081,2836.1324955826067
77b0d905,f053a1b9,480.587776998219,1359.267246202859,2395.2982693810186
77e4821c,2d2d0c6b,801.3212153064698,2296.088886955456,2629.361972437746
7850c72e,cb34231f,130.3564482486145,742.4511674180378,3469.207660677095
78a4a386,47ee27ab,0.0,2053.687406325584,4944.968371344595
79507629,19871e7f,349.80161263205054,2774.5759036294216,5049.381587293637
796dbd4c,6ea22614,440.2729267169588,1825.749459728868,2562.7585734516847
7987f2f2,63559d57,300.7946598596388,2308.359998722226,3111.9639066191376
7993a768,02e7fe5a,499.577358173751,4362.167009927319,6674.434647953158
7a5660b0,c3957531,595.6738749516934,3225.0007514573176,5846.650819349288
7acda2df,b4f37e6e,1105.144748211603,2003.4242881625344,2781.8768231898025
7b2c7b3c,60e37807,676.6390950870508,2434.5706477321187,3744.953185848957
7b38844c,5cb483ac,376.37793904555565,688.5991391948924,1958.704268897879
7bb17b96,5138a660,350.3506159549652,1377.5066923246293,2387.207247328892
7c607683,09441b8d,422.98319139185577,1409.0453509377253,2100.8515440413735
7cbbd047,a645da9a,834.7604031095873,2308.359998722226,3728.715386430003
7cd4bb31,3bbe1f5d,869.4126856677775,1958.5156670294841,2526.6153506222395
7d50373e,ebe69318,362.61210818185117,1505.090608734145,2085.0991056779876
7d57c75d,9719aa04,3029.59162558241,3649.6742211465294,4252.785473368891
7e208414,044af7d1,975.5498979547596,1041.2272536293412,2387.207247328892
7e721392,5a63b5d1,441.23799496385294,3015.9076934312207,12125.918143567445
7ff89f8f,6e9ccd38,679.9106189787748,3796.520487209386,13381.815661277386
8050c789,edf885a3,794.1781821478552,3944.532881064483,5953.296940015802
807f0298,d0cb63ae,1336.2015504408005,2770.407036809,4167.769630029924
811f52b3,310c71a5,321.0452754673761,1282.4453331427683,1895.8422679641694
81bf5923,727a3a10,624.4376450054283,3685.27037169593,4491.519642726923
81fc01c6,404c4384,331.12780266843083,2667.7172419317426,3638.2271230914
8255c867,eafb863e,317.4840476305721,2005.3274434117143,3012.3329488788368
82aab6d2,9dede370,257.5277082179932,1636.777049478865,5348.128858376772
82fcf37c,aff4e561,539.0420596765025,1557.8332473339615,2469.5754032830137
833af382,eafb863e,362.04884490904436,2176.4167801227,3017.083133160155
8382f4b6,a6ed2eff,378.1838284484841,1610.8766850692796,2326.0775750823914
84633df4,8478df29,256.64835436833044,2253.0614483410322,3050.8643596529423
8478df29,84633df4,256.64835436833044,2105.608091360024,2972.39872049502
84815d5a,4630ab92,262.7573896202659,2898.154194051611,4903.582394392873
84c3b497,b3388334,536.2979971990602,3015.9076934312207,12036.982566291254
85380836,8f201368,408.55509604002316,1032.490070170297,1280.2683653440222
8612b37f,f40cd091,823.4429906800124,2039.966208788668,4340.938357602311
861e71df,0be01c24,240.24631963872523,1811.1249154601246,2250.745782890652
86454a6f,3bfee975,543.115558330323,2004.4083416561766,3478.763521094396
8648abae,7bb17b96,1878.4975049492182,2642.3756085198684,3316.2625086985877
865033f8,999daf80,331.0978539645361,1068.0908839609576,2179.1457925068435
87695469,c84c65be,531.2331113551072,15583.627662470179,17293.646349121653
877ed19c,b85f7b06,268.5860964380789,2051.2221100603133,2670.968053440453
87aa3730,4f4afcc6,361.3440096364226,1581.5789536409798,2595.0635389716144
884ecb5f,6a0ff78e,440.8587330427389,1166.537899298751,1686.4972955802807
8902c3f6,a76db406,513.1954369438434,3570.2654160441075,5654.566624472733
896d15b9,9314ff13,2523.187232569431,4690.086487987389,8331.902730787286
8995c945,708caea9,469.0145239753142,1291.4244703039535,4209.011761363843
89969c7a,0dc835f3,896.5064149240831,1325.9683438152845,3092.890593377264
89f1085d,aed44918,2904.366006979713,7266.58335151411,8475.501990023995
89f36adf,53134831,379.9525024265477,1563.2284164829643,4073.717026058583
89fdb2f2,2f8e53c3,1.6263455970583316,704.7104142835007,1972.5286782452308
8a3da6d1,a79fd2e7,211.2096550821409,2166.4229235538833,3225.516752428914
8a89da23,3690a146,726.9043141982507,1571.8087533157693,2596.3706901172777
8a9c8932,060ab2b8,720.5818356022806,1543.0389240067123,1991.2694891700198
8ac2f237,c908edd0,504.50957939394095,1401.4978825883923,2411.8497874658183
8b12bab6,eabc711b,595.3424289430268,2907.060176122849,5273.760072529011
8b5be31b,10be2420,361.7195500660817,2624.357236829881,5375.316250807663
8b95d6d1,a2e8e7f6,0.0,4203.359297514385,7044.3426142192275
8b9d8326,015fe0d2,1024.9654780529668,5868.695822897972,6669.339842150425
8bb9c1e6,c9578d27,309.21632621844435,1035.7419186264915,2007.1682899051077
8bda1a11,729e9750,558.5897030916979,1669.1398631033505,2250.018148371395
8bfa881d,25939962,377.6371340322166,1982.1217304947797,3222.24790518972
8c167025,b8c49c1a,2199.687601115022,2727.6804205219514,4461.482683817195
8c8348e8,46dfcfca,288.33421250358856,4378.001094792064,8917.7563841362
8cc21f01,1d3fbf02,354.3082392494811,6542.6804549815915,8866.826921559823
8cc800b3,a5e6f7dc,1379.7929586714938,4355.798976651597,5095.655313784366
8d5d46d7,310c71a5,377.9494151337672,1035.7419186264915,1725.7313826317873
8d92cb49,2fe023be,386.09260702595407,1503.0262229581792,4180.054662920093
8f201368,85380836,408.55509604002316,1072.3341558021823,1360.6932927375344
90386ee4,b881d27e,377.7661130911162,2158.065766491094,2657.9649385386438
91abc4c7,fb3848a1,340.9805897702288,1442.5338043873887,2227.065301804174
91b301ce,ecdaf714,2027.08416327474,4457.92669402491,7021.032881912853
91db7070,699ea575,2667.6390947802074,2898.154194051611,3329.1016257393335
925a7cd1,153552f5,450.72705576645023,2643.225807417839,4079.7120366026065
9283ae69,940e709a,416.9231874095924,4673.219220109313,5542.5377054558085
9298ad5b,dd6bc5b2,2385.817192180023,4755.54815839355,5272.9127872934805
9314ff13,71ccf778,454.1419029331613,2523.187232569431,10040.557861458758
93209a3d,4cd1ac61,643.1681063299782,1520.0379162708143,3107.027014526764
939d9c34,05a0ee4d,940.9873577259472,3750.263744658711,5193.369891332739
93f5d2e6,3407f5bf,470.6860280484614,2486.4725122150976,3269.6723909439734
940a48d9,4936af16,409.8949159234524,1825.749459728868,3004.9709558660356
940e709a,dd168de0,384.0521372158692,4478.862115638253,5133.141100827227
9426ec1e,5138a660,1055.3798107791706,1589.9935199867984,2526.749930365214
94467f50,357c12f9,1983.8418348749244,2239.9238353346504,4705.650095895285
944f36b9,76201745,93.14817443201466,1214.1983370518287,2700.5302087553287
94d813a4,d9d6d94d,240.37068456874744,1478.653286101793,3724.302907941055
95b559e7,fde20ecf,362.5590927007272,1895.2578149160452,3084.08521874792
95c8427f,504c8b08,601.6482461538604,1958.1488205190308,3156.570962357716
96936c22,abf460d2,257.0507990648694,2552.967787967446,3623.9348405011465
96ae5806,ea0b99b7,256.626363610621,3638.8434043936595,7108.459001168816
96b7eea1,a9c9b150,660.1394371647335,4528.554243652215,6133.177558835257
9719aa04,f5d8aab6,188.54877565237572,1244.6282900931135,4697.729595293992
974802e7,9c211c53,1003.4698537573412,11988.27686078762,21157.03051353847
97cd5bf9,81fc01c6,1005.3002238636394,2120.082556128484,4338.041928623866
98177ced,cad13e8f,150.56176739149635,535.6900344418486,3685.27037169593
9896fc0b,3407f5bf,600.4552753535537,1932.2208517919057,2811.9073799291305
98bc6f66,aff4e561,550.0202382638222,2057.3623149312507,2818.535103293832
992c99e8,3df4b19e,357.74264339061665,1882.3796607748934,2385.969676420867
992ce078,6a8fa194,402.01409092231495,3288.346872731035,10402.972116952762
99529c45,4f4ac5ce,1759.833534514019,2376.0742483561176,3602.7430253211046
995ff498,29b24409,755.2662561643397,2024.2621408555278,2408.6313714638463
999daf80,865033f8,331.0978539645361,1026.9468025658905,2223.379503728719
9a6b0392,2fd68f7b,402.92459766071954,1769.9658261669279,2455.859624001637
9a8ae0d6,4cecf7b3,614.140603608126,2636.945054888446,3198.0747970772964
9a95e33f,fb03ae90,403.2330538283594,2068.4032735659803,12249.934455669509
9ab94eeb,39b51819,837.3552603884023,4779.408447130209,6035.763678417341
9ad5410a,fc03f21f,690.5217118239417,2047.1170783568618,3404.631292254706
9ae248be,e03b45fd,353.6971824881852,2027.8285798360532,3331.3571749814687
9af1ffd0,dd64382d,1813.6311069236558,2983.507977030003,5416.52019518074
9b5b61c1,d011f41b,416.614402655781,1539.39545422864,5192.983040228735
9b9e3b49,bd4ae5da,349.0020494209296,2244.4467889663883,3167.9527230217655
9bd2bba3,dbee6c86,256.69992384136873,907.7559094825058,1596.408954434993
9c211c53,974802e7,1003.4698537573412,11034.294010678646,20414.661248017383
9c350a6a,bffe3082,2300.293713811374,3562.1015489738675,5027.164544203668
9c8375f7,f4d12d23,329.9413858554757,2003.4242881625344,3351.5216223229295
9d072e4c,5a1a8fd8,367.59483701484737,2521.6043119013934,4343.065051377816
9d3ec64c,9af1ffd0,2193.4472693230055,3669.486126557823,5147.779833365055
9d4272e3,79507629,2081.0760876287427,2956.973600862717,5920.660299333161
9d5e14d4,11d0f5ac,762.1837788880036,2489.657944316959,3902.6738529500158
9da441ba,14ad5efb,368.8054937223837,2333.396626915167,2872.0417989297066
9dede370,82aab6d2,257.5277082179932,1865.7784293963439,5531.151570125493
9def2eb2,23b9beb0,503.2148174485327,2778.2724343377126,6091.341207008328
9df1b1f9,5f6756c5,1605.1788713412084,3702.109925029367,4640.868412053801
9dfff011,fcfcc902,2264.7595380082093,4216.589318134214,4972.134615806616
9e3e364d,cbe51de1,683.0125964431178,1609.9600249695143,2304.694682620744
9efc812e,c9e6734f,608.8146359934542,2959.113038901758,5399.504273097473
9f0c7bae,1d78281a,1416.3848101768583,2705.1368123073316,3650.1935206919184
9ffce529,d63196fe,607.8302565684293,2906.1161470594116,3830.6635720851805
a0383629,0d99f8e4,705.2846816002649,4397.186662094468,7677.052340918291
a056d01e,01869cd4,1541.2475135748232,3783.6935298991275,7762.552212474795
a08d9e63,93f5d2e6,868.2587431173797,2962.585516419711,3879.3765352309742
a0b83014,fd3b4faa,1878.8135807739345,3411.8199047724675,4168.744799828788
a0e92ed6,e32da4ec,172.1735246780655,1116.4292875055517,2186.3143817850164
a15bc102,fb0904bd,1438.2607774668356,4402.037751780362,5692.174287440558
a247e7cf,8bda1a11,590.9792132553707,1618.4183401086846,2462.3831123729146
a2e8e7f6,8b95d6d1,0.0,4203.359297514385,7044.3426142192275
a3518960,d463e527,627.5122335062256,4206.1068936608535,5455.425364259076
a3f71395,a6b8ac67,736.8650723844278,2070.932198914163,2681.2936826277423
a4719920,09053135,1121.0366229969554,2248.2059210401303,3463.5676923076853
a48640d9,276b012a,866.4690753857367,3154.553515158674,3598.213007869497
a4cdbb0f,722cf0d8,655.2110934651109,1821.9171809111235,2818.291518083443
a4f989c2,d011f41b,0.0,1740.0799960061138,4850.412579977087
a5aa7973,bb682ebd,213.348373323805,957.1707651721981,5635.046833212618
a5e6f7dc,8cc800b3,1379.7929586714938,4060.387892899117,4769.086518076707
a612d5a0,9b5b61c1,469.078145408801,1776.0430944375773,5272.9127872934805
a622ce4d,d1ee630d,335.5021414237607,2186.131572481393,3056.2041642041904
a645da9a,7cbbd047,834.7604031095873,2811.3737472807607,4116.897843923169
a692b17e,df8290be,312.28964712276803,1495.2718757803375,2414.5252383232755
a6b8ac67,a3f71395,736.8650723844278,2030.9509678966747,2698.07520666108
a6ed2eff,8382f4b6,378.1838284484841,1399.7353467711227,1959.56950907584
a6f967fb,57f05c51,347.4902302226482,486.77810848481704,4168.2746775135265
a76db406,8902c3f6,513.1954369438434,4037.376538360154,6158.246045888428
a7744f5b,e6c55748,375.1884955593414,1336.2320331440326,1923.4028676541136
a783cc24,b7fea9ef,19.68278689610292,3008.580379797063,5310.498216034104
a79fd2e7,8a3da6d1,211.2096550821409,2346.9272533460567,3180.5526909958676
a7fc3e6b,f6bc699b,2670.617305886537,5681.9616476175115,7222.260249049176
a85bb86f,24d8997e,1121.0458871070857,2179.1457925068435,3046.4943392858036
a85e4bc3,577eec7c,1143.6199652856712,11988.27686078762,17967.676327574864
a87433c9,fc03f21f,2392.558303573826,3028.5094121695747,3972.392839951473
a8ed028a,d7eb0be8,160.8089590166161,4530.284977625454,5022.002382516263
a959858c,5d7198fd,1939.026391388285,3026.0852929155003,4823.893864711232
a9c9b150,96b7eea1,660.1394371647335,4837.003393879548,6078.139300320354
aa95015b,c96c018a,1212.7088702571293,2356.208607488041,3131.3848776857794
aaaf3c03,6a8fa194,1023.5541991023794,4690.086487987389,10236.90285607923
aaeffccb,ec13af42,611.9060399278586,1898.4848663341613,3256.980585895623
ab112491,2ab29395,1899.6868186362356,3342.9252594246286,6178.8926237070045
ab18d3fc,6e6d122c,754.5561414503356,2210.2861122036993,2808.2446312955603
ab3ced07,25939962,320.0152766664527,1838.2548929896068,3285.600869019114
ab6fe95d,2b034622,569.2689421530062,13523.216844419652,19605.81571130861
ab94878e,ff8bb73a,319.40318407927373,2758.8085769947247,3432.911597420029
abf460d2,177622d7,181.56243003458152,2357.986237215881,3613.932108175204
ac6f01d5,3e678ea7,1698.3583461684186,2929.4377311182234,4359.358841412394
ad2133a8,481de5fc,509.48294623061753,1607.5834036528659,3107.449083621462
add9c322,d0a0e7b5,368.87235136306947,2994.0121597114467,4269.569908140626
ae069086,591cc951,454.2787465864464,2611.065280264194,3376.456345045694
ae0784a8,46d41ff6,626.9871310484032,4572.791907095576,6223.685515198951
ae35f33a,ffefef30,181.2872924392056,938.7788515407266,3631.2820070189173
ae8959c3,1e30dedf,532.5133538231504,1934.8209720023322,2910.4769368784096
aed44918,89f1085d,2904.366006979713,5155.869851392922,6366.168211318655
aee6393a,e85074c5,407.05073455280007,1398.2062077536532,1978.6385544104305
af7a59ce,06df5958,1029.6555104012177,1795.951154486084,2471.2610701825997
aff4e561,82fcf37c,539.0420596765025,1640.5986785926373,2492.6178856779
b04b58a3,4463446c,2684.5505229179535,4791.9627339326125,6240.896958362973
b0d42b0d,f631da6e,1448.8974414014674,2824.8884173361444,5607.887659226151
b0f53bf4,647f2a41,2451.8099118202426,2697.799903032182,3958.5753417108103
b19b0395,dafc88c3,421.00898327714043,1812.0757761200084,2633.4904713706683
b1efb8a4,d6dd7330,198.0644483494058,992.5360614608726,4080.7441929752954
b32902c0,add9c322,379.45446116735747,3004.9709558660356,4375.662152417486
b32e4903,264feceb,356.68034428594734,1594.2931035414194,2031.855763901664
b3388334,9a95e33f,478.15968629763967,2536.6566307838216,12220.283782997869
b37fd114,3e011332,1407.6351149711209,1986.4263721819548,5031.242532754798
b38e3116,d6dd7330,143.3975205507794,1222.800068449454,3751.710647224789
b4d8dd4f,999daf80,973.7079336225299,1749.925779597541,2836.524998691074
b4f37e6e,25fd32b3,1049.6471462831503,1985.1469552655249,2731.1090099444623
b56bc0aa,2e43c2ea,645.0681075668999,2198.161630454333,3071.8988411894393
b585b4fa,bb2cdd83,342.40657076035313,1508.4390504424412,2095.3465718108982
b5aa9634,3b21ea64,165.69211357230213,544.6815771619724,2210.3793323548653
b7974e66,1b08ed48,296.605667679998,3188.4520002344934,5780.3649653374105
b7cdcecb,e149204f,535.6924916402851,1734.025773107249,2230.8266482404883
b7fea9ef,a783cc24,19.68278689610292,3028.104833059726,5320.043519088755
b85f7b06,877ed19c,268.5860964380789,2310.639210024013,2600.8071513665664
b881d27e,90386ee4,377.7661130911162,1828.2962477948633,2471.2610701825997
b8c49c1a,54753541,533.1479862101726,3571.5871462420037,5535.858154414866
b95e7121,12f0cd90,432.81827549193974,2639.477921256323,3084.0757744257376
b977be4a,c2c4db09,498.47927429336744,1969.4746924244198,2416.910156067169
ba48188d,00bbac68,1199.715935753115,3797.7927868171214,5370.161276618937
bb2cdd83,b585b4fa,342.40657076035313,1849.100677085718,2414.585983993717
bb337fa0,5567d551,273.79755239948133,3250.019853293376,6723.801594909102
bb682ebd,4121c517,190.15939629703664,922.6393302369443,5484.389589999948
bc4381e2,10b89021,724.8032902794466,3415.8017116484366,5458.957287697059
bcebcc5f,684a6fc1,0.0,2522.902096653833,5692.174287440558
bd2c2f34,374be387,530.5960938418345,4944.581882313007,10267.24990291971
bd4ae5da,9b9e3b49,349.0020494209296,2095.963566954178,3496.3482906599725
bd6f0e19,cbb406b5,1530.8029314384037,2016.886713030903,4312.892141591301
bd8f847e,3a223519,619.0891583609414,1170.9666449563676,2738.947236658316
be063506,2d35f86d,1230.457513488377,2574.586894183294,3528.7797791871067
be35c8f2,1bcb2fcf,971.4948453802025,2574.832628754592,4213.655961762829
be83e781,373ef48b,373.0152878902911,1480.0136684841764,2694.3858209433743
beda8696,d9eca87b,713.6227101907937,2120.284696968772,2542.912614640918
bf39bc20,460f859e,470.740880421433,2275.911331950306,2653.875792006839
bf70b410,d9eca87b,589.1740290439317,1809.3618329398544,2282.589923792676
bffe3082,939d9c34,1482.5781723063785,4913.961981313985,5446.221136090495
c03b9305,35b3ef6a,1177.731394206714,4871.142900736905,6754.7441896937335
c03d4aed,eeda36f5,731.9068998854958,1949.6584901463846,2649.1507384253887
c03fba65,74b6186b,4883.4207080690585,7133.08082077439,10192.037154136711
c07fd0cd,febb4411,446.88439153739716,2790.8357155516746,3265.993339751054
c1708b88,f0188a48,1956.6865716306097,5458.136509075191,6610.943352729841
c1d046f4,c96c018a,561.1513573003286,1685.2689785309906,3630.0587893032316
c2717d4f,1550491d,224.2661590609886,2301.9902424858774,4029.8919125083808
c2c4db09,b977be4a,498.47927429336744,1862.3607944757453,2191.5587671336802
c2c6fc71,e161bd0c,868.8742239243091,3041.2107381106257,3485.0295936903162
c36625df,bd4ae5da,724.7562837943929,1745.673916772871,3777.740255602569
c3957531,7a5660b0,595.6738749516934,2651.728767125405,5628.599719690337
c42fe306,4f4ac5ce,357.84054130304867,1774.1238226517312,2168.392197389447
c43812e2,7224331b,1248.7536543687756,2872.520910507119,3828.3325941852013
c472c0b5,48c1f673,179.11320805611047,2254.3965011727055,2934.4673597263986
c47e0767,37d36812,252.97549683699037,1922.3300378705421,3048.2656284026793
c50b42f6,eac10e86,399.15390327528434,2025.043344449835,3196.9144930073785
c593337f,1fee2b62,1884.9611784331646,4572.791907095576,6068.028232078406
c59b6c4a,28f4eda9,591.8323564151264,1926.143120850607,2914.3881751922054
c66be2b8,6d590e26,425.98981454942833,2441.691076795016,2822.928931110638
c6797dd7,200d233d,386.49207702121697,3757.647969900632,4060.4067385547573
c6b782a4,38991fd4,338.7180718531244,1899.8384731864521,4964.901129569505
c6c96179,1a518997,814.9511082265858,1254.8429672272591,1952.0673878224
c70c0e01,113011eb,600.9463154062939,2956.973600862717,5158.598275820503
c84c65be,87695469,531.2331113551072,15365.474769472281,16793.215324126846
c8d9680c,cb879f40,149.39246031867538,1961.599071166312,2607.7346534108183
c908edd0,8ac2f237,504.50957939394095,1599.9255998952037,2231.3303501274004
c9578d27,8bb9c1e6,309.21632621844435,1344.9374665017885,2064.9908366863788
c96c018a,c1d046f4,561.1513573003286,1543.33251715224,3637.6344459005622
c99f9fae,a645da9a,1252.8900115334652,3893.1628349452826,4959.445802849192
c9e6734f,9efc812e,608.8146359934542,2805.295036319843,5425.052553275581
c9e980e8,861e71df,885.2078694295866,1462.9904540014304,2895.036377249563
c9fedcf3,46d41ff6,1027.8530823031292,3818.461023776399,5835.299049149126
cad13e8f,98177ced,150.56176739149635,392.81533434938575,3780.504372236677
cb34231f,7850c72e,130.3564482486145,712.7672580162813,3455.5525323890215
cb879f40,c8d9680c,149.39246031867538,1862.3607944757453,2586.957368531587
cbb406b5,f8f59188,652.4350310949826,1530.8029314384037,5527.757473695969
cbe51de1,877ed19c,626.8353251851834,2013.884493137361,2262.1856285679855
cbe62450,6d590e26,194.0573804316173,1950.783983351353,2498.7767337638766
cc08aa63,5cdd8dbc,560.6426919167386,2362.1604238707355,3401.470850588117
cc8a1d57,ad2133a8,784.4057028096584,2351.585562998091,3361.5131851295905
ccedb12b,26d3a96a,277.4386004147121,1240.726636935105,3383.6629299177303
cd7f1687,2fe023be,436.25992366944206,2161.216874286467,3589.3437488765626
cda7eb37,27ebb9b9,338.25166444552957,1306.0479256135511,2644.901659306118
cdc31d65,73b1447d,283.5906036878374,1319.7606970962624,3138.565278037153
cdc60a53,29b24409,360.21565610026494,1166.537899298751,2160.686443818425
ce55ba43,5567d551,366.8413417267981,3567.3685712160286,6769.84368588389
ce8399b7,511e1db0,0.031622776410252254,2794.2314980687743,4263.377024308269
cf50c9d1,d41beaf2,359.29487082329445,2919.7327108486156,4693.457795325244
d00e7eb9,d90aa14c,1827.227936656974,4796.322201823201,6504.425055391141
d011f41b,a4f989c2,0.0,1740.0799960061138,4850.412579977087
d07aed8f,e201fd6d,2397.390162030084,5689.93762238253,5956.347221997853
d085e611,efde6ac3,0.0,1730.1116414843607,2562.7585734516847
d0a0e7b5,add9c322,368.87235136306947,2783.6069808972657,4192.425023360555
d0a43760,9efc812e,1122.3780762291308,3508.6613973135804,5569.642489998861
d0cb63ae,fb73b13a,803.3497681580396,1556.1981560843678,3947.680228286307
d114d9c2,20402d71,559.3001192559593,1644.7687839024272,2460.8966377725164
d1457cc5,2d179ded,711.7088519892978,5485.248964349544,14752.352242002036
d1ecf309,09ec2ca9,693.5977377414837,1990.7112259191101,5752.341291622113
d1ee630d,a622ce4d,335.5021414237607,2031.1162079013209,2723.578395603793
d217e0c5,272abef3,561.1533097112907,3549.2179779353355,5446.221136090495
d24ff243,7d50373e,684.6605454528889,1735.6354640304671,1970.2115907689356
d273674e,699ea575,518.9695533457461,2706.3462859175497,4713.088301029255
d2f3b1ab,3d96d897,379.0251185608862,1432.5274037517183,1832.3905246698541
d3df146b,0955cd6c,618.4234824132235,2330.315253565343,5850.393407771699
d40f61d5,f03f10fe,380.84932781862864,1409.503426884929,1984.4382113333195
d41beaf2,cf50c9d1,359.29487082329445,2581.6434014402457,4923.824028344083
d463e527,a3518960,627.5122335062256,4749.177990105412,6051.523222148401
d4f60a28,e5864244,410.59107272314185,2386.9117948722087,3325.3753753975457
d50c649a,43b06c70,459.36013279337294,1569.1855160241118,3876.5707510249003
d543916f,3aaa2b30,329.1842318518888,1428.3364638977382,3421.9308585213457
d5df0ff5,a645da9a,2762.219409912878,3073.989948226855,4523.613914880678
d60430e6,30d75030,1594.0770253973606,2175.4617283236335,2916.562346633381
d63196fe,9ffce529,607.8302565684293,3507.344687965454,4282.808521753043
d6c320d9,4654e7de,387.00826619085956,1597.3071009671112,1943.1440173335834
d6dd7330,b38e3116,143.3975205507794,1184.8897620456219,3895.090227068286
d7ba4f9d,028d7b28,183.81673726823755,3500.1310577323775,4438.887473241323
d7eb0be8,a8ed028a,160.8089590166161,4652.899472393492,5154.893165226589
d84b621b,10a1281a,837.9777195725485,1822.7203301931943,2430.1026195821173
d90aa14c,d00e7eb9,1827.227936656974,5636.669022924816,8059.646970978436
d924e971,1aaf1da0,830.8068731660836,1569.1855160241118,3826.0886610872335
d9ae59b2,0dc5e64d,1052.0417589143176,4796.194201510249,5414.456128791156
d9d6d94d,94d813a4,240.37068456874744,1711.4434441429426,3858.8079476050507
d9eca87b,bf70b410,589.1740290439317,1770.8735593768663,2277.1933744195376
da2d4d7c,2ab29395,419.007224042881,1981.7181257179407,4169.022516849323
da3bfe4e,3ac16ad0,524.2798425456509,2117.799149706927,3110.8659029280684
da3cf798,fc0d20b2,1963.5211461302451,4945.179398201935,5791.992169858454
da940160,4ed93db6,557.2799587278695,1734.9187002566593,1987.7168576031293
dafc88c3,b19b0395,421.00898327714043,2069.804242821064,3053.494310785665
dbee6c86,9bd2bba3,256.69992384136873,799.9308322599563,1412.260795781289
dc5fbe29,d63196fe,3578.5512140109654,5393.884135361143,5644.363660041737
dc7da28f,ec0d597b,1745.5155008476943,2922.3978475904196,3319.1383038525314
dc7f9757,09ec2ca9,825.6041332866566,3082.1249576389164,4993.189869502244
dd168de0,940e709a,384.0521372158692,4424.2403260446135,4796.8246219453085
dd64382d,398dce4b,418.9225448695437,3148.538577578589,6018.590446649615
dd6bc5b2,9298ad5b,2385.817192180023,3272.6531204055086,4663.15441546773
dd7d638e,5cdd8dbc,477.3293424880024,2933.300233184371,3654.1138243490286
ddc790ff,a6ed2eff,474.7244632417996,1545.2174356056398,2152.808742550227
df71d1ff,b7cdcecb,635.3029919652345,1763.4566265715187,2330.6842026536638
df73b8f3,c70c0e01,929.0873980955225,2933.74075482145,5307.274468745757
df8290be,a692b17e,312.28964712276803,1431.0581791459167,2174.9223399469242
e0079ed1,404c4384,2418.3011038538534,3118.1335303352275,3987.781363528033
e03b45fd,9ae248be,353.6971824881852,1886.8310930499672,3029.7456421950396
e0f36d98,3a86fe8d,488.51025987168305,3547.427938619766,6070.783084446074
e149204f,b7cdcecb,535.6924916402851,1699.0278948858543,2269.1914766716686
e14d641e,764072a5,339.4394278804513,1571.8087533157693,2697.0649788427368
e161bd0c,c2c6fc71,868.8742239243091,2656.018220663744,3821.8302718072537
e201fd6d,58850d2c,1685.1002034600397,4245.981489479332,8009.284542610498
e25f1537,b04b58a3,2849.6468666311384,6057.767269720839,7599.4528965248055
e2fc7745,12203f2a,376.99435539557396,2321.6937046905923,2732.284540673028
e32da4ec,a0e92ed6,172.1735246780655,944.276582892826,2329.4767373384707
e3b34f5b,35b30c7f,431.7470677375699,4657.444446184811,6783.1473254825705
e45a2a62,c9578d27,706.5605967643362,1681.0671015756698,1827.2150861078412
e46f4ef4,3e678ea7,457.23884885224845,2901.8863994650287,5576.412671467075
e4726608,4c3168cf,299.1875868079992,744.2459792300784,2246.334471845381
e5864244,d4f60a28,410.59107272314185,1986.9321610211925,3711.651521317683
e5c92e59,109d9d70,305.81890147636824,3026.0852929155003,5769.204615724763
e5ff9fd2,61f27424,4906.441673269819,5041.099292118735,6103.326808167748
e6c55748,a7744f5b,375.1884955593414,1168.0557028670182,1940.6673811345515
e730c32b,9b9e3b49,1458.4224636571782,2624.326186757287,3226.692612087576
e737965a,91abc4c7,361.8562351268327,1116.4695179451114,2066.953623089047
e748dd88,200d233d,1104.502445538132,3623.424789132521,4304.349533076834
e7818f7a,0dc5e64d,515.416979541718,4863.545596578803,6080.469482992142
e7c36e81,e97032ad,0.0,712.2608926509789,2140.569388177095
e7d0c1de,593876b6,233.88218080880287,1582.463016850594,2433.903247974604
e85074c5,aee6393a,407.05073455280007,1453.7885073489824,2165.623308542128
e97032ad,e7c36e81,0.0,712.2608926509789,2140.569388177095
e9949a23,58fa8486,514.0905092489832,1866.874128724288,3002.7705646952477
ea0b99b7,96ae5806,256.626363610621,3890.6509781525447,6980.439498806396
ea3a0e38,15e154a1,828.3140352548623,1699.6396468076307,6486.0545303981835
ea41324e,f56d3ace,572.4501865665444,1201.7386365181944,2755.7996865700925
eabc711b,8b12bab6,595.3424289430268,2784.5772656723498,4773.678981299732
eac10e86,c50b42f6,399.15390327528434,1985.3603522787273,2934.532027377004
eafb863e,8255c867,317.4840476305721,2310.466741591243,3191.3894135627384
eb06a4e7,c2717d4f,270.71448151153595,2095.963566954178,3824.646386386567
eb640a35,796dbd4c,536.0410548644383,2070.383131041011,2495.6135568230584
eb934281,1b08ed48,349.0835408609295,2661.5329526420096,6037.568329617541
eba6605e,14ab73fb,364.8865967667104,7147.5118066357245,7562.447015298828
ebe69318,7d50373e,362.61210818185117,1507.641858433213,2066.953623089047
ec0d597b,dc7da28f,1745.5155008476943,3664.120550336432,4890.838905913842
ec13af42,cdc31d65,313.4176761127872,1621.7691847176775,3430.4401735636534
ecdab904,9dede370,260.0473651088937,2110.955283207399,5790.9896379292095
ecdaf714,543198e8,1139.3580469720841,4866.685004363991,5924.737828233514
ed6436d6,2b547943,1922.299390885702,2036.5274776441645,4216.639520044475
ed6e6e54,b38e3116,246.15677971562016,998.6685428607938,3577.1154651900524
edf885a3,8050c789,794.1781821478552,3648.5780644656197,5850.502529526762
ee0300f7,ac6f01d5,2419.304462133646,4362.505148306434,5803.730562672625
ee288beb,9a6b0392,2455.859624001637,3386.928454588317,3720.6255202183083
ee4aecac,2ddad940,171.4618922675074,3813.7195150273346,6708.47693931351
eeda36f5,c03d4aed,731.9068998854958,1690.7418776678153,2166.754305314478
eeed308d,5a5d1982,347.79773719804297,1737.0350157091877,2414.01845115143
ef04658e,357c12f9,249.44294277454404,2872.154355618922,4055.1456859894733
ef8e3ed0,b7974e66,426.32537351180196,3592.90022495739,5495.599799958321
efde6ac3,d085e611,0.0,1730.1116414843607,2562.7585734516847
efe96181,357c12f9,1215.1504032424182,2660.545947019078,4054.792440224383
f0188a48,c1708b88,1956.6865716306097,4704.056442954426,8012.867305958594
f021b650,f5859199,1823.7940689122104,4893.042057064464,5790.9896379292095
f03f10fe,3690a146,330.575645352446,1390.2850304883527,1802.5566244641318
f053a1b9,77b0d905,480.587776998219,1453.5186956140074,2455.89195725302
f074d277,3a0af893,418.32879520807955,2702.3611118612966,5337.703790676247
f07d7037,1b08ed48,330.62028749000837,2889.623713530972,5676.754649762134
f08774c3,5254b6db,1133.7661251332356,3051.597817406513,4858.1800362790655
f140c2fa,58fa8486,399.61762336014067,2370.83169645174,3644.322486388966
f16e25e3,14fee784,2342.3638834517956,2803.8902458548637,3429.228363932699
f2d4c8c9,20402d71,509.36148303536794,1667.5624325644274,2140.229853567186
f321a31c,d7ba4f9d,597.0786732922644,3027.4060913594158,4860.418839369634
f40cd091,368131f9,682.6095510614645,2209.6132403881993,4866.31189859424
f439a621,5aa403d0,418.81179376879686,2197.6761749629727,2912.7030345197654
f49fdea3,6ae68655,854.2934649170992,6634.160435201857,7821.624219674452
f4d12d23,9c8375f7,329.9413858554757,1948.7302804903027,3459.9923832575882
f56d3ace,ea41324e,572.4501865665444,1370.6588588705547,3018.29540280599
f5859199,f021b650,1823.7940689122104,5431.052572245843,6764.265216777038
f5d8aab6,9719aa04,188.54877565237572,1229.7278099238358,4613.025006619934
f631da6e,a9c9b150,1227.783083325414,4191.4417316358495,6051.658771981688
f6824bb0,521a7819,371.33993119522074,1056.090679155732,1852.6812864604033
f6bc699b,2364716c,794.3876208126484,5871.942119827099,7876.817216547547
f6d009f4,8995c945,923.1149882869057,1793.127667986659,5090.187604293277
f72b268f,19137a89,355.9682206320999,3358.9346536814905,4268.253545807793
f8662c22,2ddad940,528.3483564846172,3415.7656187157672,7277.678785505689
f88ddb26,eb934281,2661.5329526420096,3592.90022495739,6794.51622879802
f8afa78a,729e9750,537.7480567143069,1618.4183401086846,2258.201883999823
f8f59188,fd3b4faa,483.48614871570527,1966.7729470634338,5332.6935870721145
f9fc81aa,3d96d897,334.5616363244416,1733.7566108884794,2101.3800031883898
fa16d114,3ac16ad0,539.8438361232352,1985.3603522787273,2636.7448967427445
fa31da94,63559d57,698.6623351092092,1916.1025580327748,2643.147988667822
fa667be2,3b21ea64,154.42371093856846,563.8132641218837,1970.3597620993767
fae0c593,0dc835f3,255.6101695946187,1858.3014684384211,2620.1192765405603
fb03ae90,9a95e33f,403.2330538283594,1667.5659486208679,12237.740246569188
fb0904bd,a15bc102,1438.2607774668356,4338.041928623866,4672.309666642519
fb3848a1,91abc4c7,340.9805897702288,1412.7873947626767,2011.2260780429006
fb73b13a,d0cb63ae,803.3497681580396,1722.9371146387268,4623.447086190188
fba7683c,4a8ecc0b,110.71120855667121,1440.2436219266335,4580.464105415883
fbd68d27,1a518997,364.3586542130782,888.328216820764,1636.6812705290072
fc03f21f,9ad5410a,690.5217118239417,2333.793691824615,3615.7843724424765
fc0d20b2,da3cf798,1963.5211461302451,5320.043519088755,6688.654457093645
fcfcc902,9dfff011,2264.7595380082093,5744.913914237679,6229.125224508147
fd3b4faa,f8f59188,483.48614871570527,2001.2511888567028,4849.687535089305
fd710aea,37d36812,250.79975279109343,1453.5186956140074,3088.976222666786
fd8f77fa,512943b2,398.91244177143506,1685.2689785309906,2433.903247974604
fde20ecf,52f1e77a,345.96467984450373,2077.251510457989,2727.4466521638738
fdfd57da,c1d046f4,979.2236848649809,2090.3035633371987,3217.522284616256
febb4411,c07fd0cd,446.88439153739716,2387.4996806284207,3492.1478127076766
fef8af96,084d66f9,882.5499177384439,2749.8815009560726,3563.370052211491
ff0aea78,000d7d20,286.35012432341506,5259.404153219405,6912.844083190284
ff8bb73a,ab94878e,319.40318407927373,2763.6343853885637,3739.676884237545
ffefef30,3a223519,166.2024659867429,759.4074235220373,3450.124374642248
